id,symbol,timeframe,direction,pattern_type,entry_price,sl_price,tp1_price,tp2_price,tp3_price,exit_type,status,pnl_r,pnl_percent,context_trend_before,context_was_reversal,context_swing_count_20,context_recent_direction,context_distance_from_ema,pattern_score,trend_alignment,clearance_15m,post_sl_outcome,post_sl_max_favorable_r,post_sl_time_to_tp_min,mfe_r,mae_r,signal_time,time_to_sl_min,time_to_tp1_min,time_to_tp2_min,time_to_tp3_min,time_to_be_min,atr_15m,free_path_r,clearance_1h,r_available,actual_rr_tp1,actual_rr_tp2,actual_rr_tp3,multi_tf_alignment,confluence_score,be_activated,trailing_activated,partial_closed,partial_close_p1,partial_close_p2,partial_close_p3,initial_sl,current_sl,position_size,spread_percent,depth_1pct_bid,depth_1pct_ask,order_book_imbalance,volume_24h_usdt,dist_to_dir_h1_zone_atr,dist_to_dir_h4_zone_atr,arrival_pattern
143,ATOMUSDT,15m,SHORT,pinbar_sell,2.57100000,2.60171948,2.50956105,2.50956105,2.50956105,SL_HIT,SL_HIT,-1.0000,-1.1948,downtrend,t,9,bullish,-0.1985,50.00,with,0.01700000,sideways,0.0000,,0.1628,-1.0417,2025-11-06 17:15:23.675821,33,,,,,0.02286579,,0.00000000,,2.00,2.00,2.00,f,,f,f,100.00,0.00,100.00,0.00,2.60171948,2.60171948,100.00,,,,,,,,
142,BASUSDT,15m,SHORT,pinbar_sell,0.00847000,0.00872333,0.00796335,0.00796335,0.00796335,SL_HIT,SL_HIT,-1.0000,-2.9909,downtrend,t,8,bullish,-0.0728,50.00,with,0.00014000,sideways,0.0000,,0.4737,-0.3553,2025-11-06 17:15:21.215181,14,,,,,0.00018888,,0.00000000,,2.00,2.00,2.00,f,,f,f,100.00,0.00,100.00,0.00,0.00872333,0.00872333,100.00,,,,,,,,
141,ALICEUSDT,15m,SHORT,pinbar_sell,0.23900000,0.24429436,0.22841127,0.22841127,0.22841127,SL_HIT,SL_HIT,-1.0000,-2.2152,downtrend,f,6,choppy,-0.6110,50.00,with,0.00300000,sideways,0.0000,,0.0000,-1.5110,2025-11-06 17:15:21.19905,139,,,,,0.00382394,,0.00000000,,2.00,2.00,2.00,f,,f,f,100.00,0.00,100.00,0.00,0.24429436,0.24429436,100.00,,,,,,,,
140,NOTUSDT,15m,SHORT,pinbar_sell,0.00062430,0.00063534,0.00060222,0.00060222,0.00060222,SL_HIT,SL_HIT,-1.0000,-1.7684,downtrend,f,9,bearish,-1.5227,65.00,with,0.00000650,sideways,0.0000,,0.0543,-0.9873,2025-11-06 17:15:17.679398,33,,,,,0.00000756,,0.00000000,,2.00,2.00,2.00,f,,f,f,100.00,0.00,100.00,0.00,0.00063534,0.00063534,100.00,,,,,,,,
138,GALAUSDT,15m,SHORT,pinbar_sell,0.00859000,0.00874225,0.00828550,0.00828550,0.00828550,SL_HIT,SL_HIT,-1.0000,-1.7724,downtrend,f,8,choppy,-0.7472,65.00,with,0.00009000,sideways,0.0000,,0.0657,-1.0509,2025-11-06 17:15:12.456791,34,,,,,0.00010375,,0.00000000,,2.00,2.00,2.00,f,,f,f,100.00,0.00,100.00,0.00,0.00874225,0.00874225,100.00,,,,,,,,
137,ALPINEUSDT,15m,SHORT,pinbar_sell,0.67790000,0.69322762,0.64724476,0.64724476,0.64724476,SL_HIT,SL_HIT,-1.0000,-2.2610,downtrend,f,7,bearish,-1.1400,65.00,with,0.01190000,sideways,0.0000,,1.1287,-0.2805,2025-11-06 10:15:13.996499,570,,,,,0.00571270,,0.00000000,,2.00,2.00,2.00,f,,f,t,100.00,0.00,100.00,0.00,0.69322762,0.67023619,100.00,,,,,,,,
135,ZEREBROUSDT,15m,SHORT,pinbar_sell,0.04564000,0.04638910,0.04414180,0.04414180,0.04414180,SL_HIT,SL_HIT,-1.0000,-1.6413,downtrend,f,7,bearish,-0.2083,65.00,with,0.00044000,sideways,0.0000,,0.8410,-2.8568,2025-11-06 10:00:18.015102,1337,,,,,0.00051517,,0.00000000,,2.00,2.00,2.00,f,,f,f,100.00,0.00,100.00,0.00,0.04638910,0.04638910,100.00,,,,,,,,
132,BDXNUSDT,15m,SHORT,pinbar_sell,0.05864000,0.07090162,0.03656909,0.03656909,0.03656909,SL_HIT,SL_HIT,-1.0000,-20.9100,downtrend,t,6,bullish,-5.1954,50.00,with,0.01079000,sideways,0.0000,,0.0995,-2.5886,2025-11-04 23:15:17.342274,640,,,,,0.00490539,,0.00000000,,1.80,1.80,1.80,f,,f,f,100.00,0.00,100.00,0.00,0.07090162,0.07090162,100.00,,,,,,,,
117,AVAUSDT,15m,LONG,pinbar_buy,0.46830000,0.44284111,0.49375889,0.51921778,0.46990000,,SL_HIT,,,,,,,,,,,,,,,,2025-10-28 19:15:27.476351,,,,,,0.02303555,,,,,,,,,f,f,0.00,,,,0.44284111,0.44284111,100.00,,,,,,,,
115,AUCTIONUSDT,15m,SHORT,pinbar_sell,7.07000000,7.11597213,7.02700000,6.97805575,6.93208362,,SL_HIT,,,,,,,,,,,,,,,,2025-10-28 17:00:27.526057,,,,,,0.05188851,,,,,,,,,f,f,0.00,,,,7.11597213,7.11597213,100.00,,,,,,,,
114,LAUSDT,15m,SHORT,pinbar_sell,0.39960000,0.40540177,0.39830000,0.38799646,0.38219469,,SL_HIT,,,,,,,,,,,,,,,,2025-10-28 16:45:26.971411,,,,,,0.00400708,,,,,,,,,f,f,0.00,,,,0.40540177,0.40540177,100.00,,,,,,,,
112,HIPPOUSDT,15m,LONG,pinbar_buy,0.00165800,0.00163625,,0.00170149,,,SL_HIT,,,,,,,,,,,,,,,,2025-10-28 00:45:23.452333,,,,,,,,,,,,,,,f,f,0.00,,,,,0.00163625,100.00,,,,,,,,
111,PIPPINUSDT,15m,SHORT,pinbar_sell,0.01797000,0.01836405,,0.01718190,,,SL_HIT,,,,,,,,,,,,,,,,2025-10-28 00:45:19.242189,,,,,,,,,,,,,,,f,f,0.00,,,,,0.01836405,100.00,,,,,,,,
110,RIVERUSDT,15m,SHORT,pinbar_sell,7.30500000,7.50718350,,6.90063300,,,SL_HIT,,,,,,,,,,,,,,,,2025-10-28 00:15:24.143239,,,,,,,,,,,,,,,f,f,0.00,,,,,7.50718350,100.00,,,,,,,,
109,SOPHUSDT,15m,SHORT,pinbar_sell,0.02848400,0.02873924,,0.02801253,,,SL_HIT,,,,,,,,,,,,,,,,2025-10-27 22:00:30.081625,,,,,,,,,,,,,,,f,f,0.00,,,,,0.02873924,100.00,,,,,,,,
108,SKLUSDT,15m,LONG,pinbar_buy,0.02004000,0.01960116,,0.02100769,,,SL_HIT,,,,,,,,,,,,,,,,2025-10-27 22:00:27.085264,,,,,,,,,,,,,,,f,f,0.00,,,,,0.01960116,100.00,,,,,,,,
106,EIGENUSDT,15m,SHORT,fakey_sell,1.09580000,1.10916855,,1.07086290,,,SL_HIT,,,,,,,,,,,,,,,,2025-10-27 22:00:24.107015,,,,,,,,,,,,,,,f,f,0.00,,,,,1.09580000,100.00,,,,,,,,
105,FUSDT,15m,SHORT,fakey_sell,0.01855400,0.01885777,,0.01798546,,,SL_HIT,,,,,,,,,,,,,,,,2025-10-27 22:00:18.836854,,,,,,,,,,,,,,,f,f,0.00,,,,,0.01885777,100.00,,,,,,,,
104,THETAUSDT,15m,SHORT,fakey_sell,0.54090000,0.54740925,,0.52908150,,,SL_HIT,,,,,,,,,,,,,,,,2025-10-27 22:00:18.753849,,,,,,,,,,,,,,,f,f,0.00,,,,,0.54740925,100.00,,,,,,,,
101,CUSDT,15m,LONG,pinbar_buy,0.12305000,0.12181216,,0.12546568,,,SL_HIT,,,,,,,,,,,,,,,,2025-10-27 20:45:27.4624,,,,,,,,,,,,,,,f,f,0.00,,,,,0.12181216,100.00,,,,,,,,
100,VVVUSDT,15m,LONG,pinbar_buy,1.64600000,1.62429500,,1.69241000,,,SL_HIT,,,,,,,,,,,,,,,,2025-10-27 20:45:22.303471,,,,,,,,,,,,,,,f,f,0.00,,,,,1.62429500,100.00,,,,,,,,
99,BIOUSDT,15m,LONG,pinbar_buy,0.09137000,0.09062171,,0.09301658,,,SL_HIT,,,,,,,,,,,,,,,,2025-10-27 20:45:14.145045,,,,,,,,,,,,,,,f,f,0.00,,,,,0.09137000,100.00,,,,,,,,
98,BNBUSDT,15m,SHORT,fakey_sell,1143.19000000,1150.71345000,,1126.61310000,,,SL_HIT,,,,,,,,,,,,,,,,2025-10-27 20:15:22.666598,,,,,,,,,,,,,,,f,f,0.00,,,,,1150.71345000,100.00,,,,,,,,
96,KAITOUSDT,15m,LONG,pinbar_buy,1.15000000,1.13820230,,1.17419540,,,SL_HIT,,,downtrend,t,5,bearish,-1.0648,4.00,against,0.09870000,,,,,,2025-10-27 18:45:15.283876,,,,,,,,,,,,,,,f,f,0.00,,,,,1.13820230,100.00,,,,,,,,
94,APRUSDT,15m,SHORT,pinbar_sell,0.34832000,0.35426561,,0.33597879,,,SL_HIT,,,downtrend,f,8,bullish,-0.0815,,with,0.01553000,,,,,,2025-10-27 17:30:19.587713,,,,,,,,,,,,,,,f,f,0.00,,,,,0.35426561,100.00,,,,,,,,
91,NFPUSDT,15m,SHORT,fakey_sell,0.04398000,0.04464572,,0.04258857,,,SL_HIT,,,downtrend,t,11,bullish,-0.3679,8.00,with,0.00129000,,,,,,2025-10-27 16:45:13.18418,,,,,,,,,,,,,,,f,f,0.00,,,,,0.04464572,100.00,,,,,,,,
90,ILVUSDT,15m,SHORT,pinbar_sell,11.92600000,12.04200000,,11.73000000,,,SL_HIT,,,downtrend,f,8,bullish,0.2055,6.00,with,0.76400000,,,,,,2025-10-27 16:30:22.517249,,,,,,,,,,,,,,,f,f,0.00,,,,,12.04200000,100.00,,,,,,,,
89,TURTLEUSDT,15m,SHORT,pinbar_sell,0.18850000,0.19096605,,0.18386790,,,SL_HIT,,,,,,,,,,,,,,,,2025-10-27 16:15:19.54157,,,,,,,,,,,,,,,f,f,0.00,,,,,0.18850000,100.00,,,,,,,,
88,APRUSDT,15m,SHORT,pinbar_sell,0.34506000,0.35214822,,0.33382356,,,SL_HIT,,,,,,,,,,,,,,,,2025-10-27 16:15:15.201374,,,,,,,,,,,,,,,f,f,0.00,,,,,0.35214822,100.00,,,,,,,,
81,MERLUSDT,15m,LONG,pinbar_buy,0.40916000,0.40433984,,0.41868032,,,SL_HIT,,,downtrend,f,8,bearish,-0.9821,4.00,against,0.01326000,,,,,,2025-10-27 15:45:18.929873,,,,,,,,,,,,,,,f,f,0.00,,,,,0.40433984,100.00,,,,,,,,
76,TURTLEUSDT,15m,LONG,pinbar_buy,0.19760000,0.19322135,,0.20755730,,,SL_HIT,,,sideways,t,7,bearish,-4.7248,,neutral,,,,,,,2025-10-27 07:00:30.956354,,,,,,,,,,,,,,,f,f,0.00,,,,,0.19322135,100.00,,,,,,,,
74,2ZUSDT,15m,LONG,pinbar_buy,0.24508000,0.24162135,,0.25028729,,,SL_HIT,,,downtrend,f,10,bearish,-0.8907,4.00,against,0.00131000,,,,,,2025-10-27 06:48:47.984419,,,,,,,,,,,,,,,f,f,0.00,,,,,0.24162135,100.00,,,,,,,,
73,VIRTUALUSDT,15m,LONG,pinbar_buy,1.49420000,1.47482000,,1.53836000,,,SL_HIT,,,uptrend,f,7,bearish,-2.4298,,with,,,,,,,2025-10-27 06:48:08.028901,,,,,,,,,,,,,,,f,f,0.00,,,,,1.47482000,100.00,,,,,,,,
72,WIFUSDT,15m,LONG,pinbar_buy,0.56930000,0.56481620,,0.57916760,,,SL_HIT,,,uptrend,f,8,choppy,-0.1311,,with,,,,,,,2025-10-27 06:46:19.489015,,,,,,,,,,,,,,,f,f,0.00,,,,,0.56481620,100.00,,,,,,,,
71,OGUSDT,15m,SHORT,pinbar_sell,13.83000000,14.00886000,,13.45428000,,,SL_HIT,,,sideways,f,10,choppy,0.0572,,neutral,0.72700000,,,,,,2025-10-27 06:33:17.637905,,,,,,,,,,,,,,,f,f,0.00,,,,,14.00886000,100.00,,,,,,,,
70,DOODUSDT,15m,LONG,pinbar_buy,0.00788700,0.00782153,,0.00802994,,,SL_HIT,,,uptrend,f,8,bullish,0.5071,,with,0.00146000,,,,,,2025-10-27 00:03:34.639322,,,,,,,,,,,,,,,f,f,0.00,,,,,0.00788700,100.00,,,,,,,,
64,SOPHUSDT,15m,SHORT,pinbar_sell,0.02880000,0.02926407,,0.02811487,,,SL_HIT,,,uptrend,f,9,choppy,0.9502,,against,0.00057900,,,,,,2025-10-26 22:18:31.033226,,,,,,,,,,,,,,,f,f,0.00,,,,,0.02926407,100.00,,,,,,,,
63,BLESSUSDT,15m,SHORT,pinbar_sell,0.04257000,0.04408375,,0.03864249,,,SL_HIT,,,,,,,,,,,,,,,,2025-10-26 22:17:48.600691,,,,,,,,,,,,,,,f,f,0.00,,,,,0.04257000,100.00,,,,,,,,
60,ASTERUSDT,15m,LONG,pinbar_buy,1.13050000,1.11538245,,1.16193510,,,SL_HIT,,,downtrend,f,11,bullish,-0.8811,,against,0.01270000,,,,,,2025-10-26 21:45:52.960566,,,,,,,,,,,,,,,f,f,0.00,,,,,1.13050000,100.00,,,,,,,,
59,OGUSDT,15m,SHORT,pinbar_sell,13.79800000,13.97775150,,13.40549700,,,SL_HIT,,,downtrend,t,10,bullish,-0.2060,,with,0.69500000,,,,,,2025-10-26 21:45:20.763476,,,,,,,,,,,,,,,f,f,0.00,,,,,13.97775150,100.00,,,,,,,,
55,LIGHTUSDT,15m,SHORT,pinbar_sell,2.27940000,2.35350855,,2.20588290,,,SL_HIT,,,downtrend,f,10,choppy,-1.8911,,with,0.06350000,,,,,,2025-10-26 20:32:52.467724,,,,,,,,,,,,,,,f,f,0.00,,,,,2.27940000,100.00,,,,,,,,
54,XMRUSDT,15m,LONG,pinbar_buy,347.23000000,343.58323500,,352.63353000,,,SL_HIT,,,uptrend,f,7,choppy,-0.1449,,with,,,,,,,2025-10-26 20:16:43.774846,,,,,,,,,,,,,,,f,f,0.00,,,,,343.58323500,100.00,,,,,,,,
48,FFUSDT,15m,LONG,pinbar_buy,0.18254000,0.16747179,,0.21039642,,,SL_HIT,,,uptrend,f,8,choppy,0.6956,,with,,,,,,,2025-10-26 19:15:16.80065,,,,,,,,,,,,,,,f,f,0.00,,,,,0.18254000,100.00,,,,,,,,
46,NEIROUSDT,15m,LONG,pinbar_buy,0.00019970,0.00019761,,0.00020389,,,SL_HIT,,,uptrend,f,6,bearish,-0.1132,,with,0.00000030,,,,,,2025-10-26 15:16:36.28133,,,,,,,,,,,,,,,f,f,0.00,,,,,0.00019761,100.00,,,,,,,,
45,GALAUSDT,15m,LONG,fakey_buy,0.01141000,0.01129035,,0.01164931,,,SL_HIT,,,uptrend,f,7,choppy,0.6884,,with,,,,,,,2025-10-26 15:16:07.170075,,,,,,,,,,,,,,,f,f,0.00,,,,,0.01129035,100.00,,,,,,,,
44,HANAUSDT,15m,LONG,pinbar_buy,0.05380000,0.05238826,,0.05662348,,,SL_HIT,,,sideways,f,9,bearish,-1.8700,,neutral,0.00117000,,,,,,2025-10-26 14:02:23.848658,,,,,,,,,,,,,,,f,f,0.00,,,,,0.05238826,100.00,,,,,,,,
43,TRXUSDT,15m,SHORT,pinbar_sell,0.29960000,0.31036313,,0.27807374,,,SL_HIT,,,,,,,,,,,,,,,,2025-10-26 13:16:06.74508,,,,,,,,,,,,,,,f,f,0.00,,,,,0.31036313,100.00,,,,,,,,
