id,symbol,timeframe,pattern_type,entry_price,sl_price,tp2_price,current_sl,status,direction,created_at,updated_at,telegram_message_id,tp1_price,tp3_price,initial_sl,position_size,partial_closed,be_activated,trailing_activated,exit_type,pnl_r,pnl_percent,atr_15m,atr_h4,dist_to_dir_h1_zone_atr,dist_to_dir_h4_zone_atr,free_path_r,arrival_pattern,mfe_r,mae_r,time_to_tp1_min,time_to_tp2_min,time_to_tp3_min,time_to_sl_min,time_to_be_min,first_touch,clearance_15m,clearance_1h,r_available,zone_test_count_24h,veto_reason,sl_buffer_atr15,pattern_score,pattern_score_factors,swing_extreme_price,sl_buffer_atr,round_number_adjusted,min_distance_from_zone,tp1_limited_by_zone,tp2_limited_by_zone,tp3_limited_by_zone,nearest_resistance_distance_r,actual_rr_tp1,actual_rr_tp2,actual_rr_tp3,dynamic_min_rr,dynamic_min_rr_adjustments,dynamic_min_rr_reasoning,trend_alignment,multi_tf_alignment,atr_volatility,rr_validation_passed,rr_validation_message,confluence_score,confluence_details,partial_close_p1,partial_close_p2,partial_close_p3,strategy_profile
126,SOLVUSDT,15m,pinbar_buy,0.02181000,0.02161777,0.02219446,0.02161777,SL_HIT,LONG,2025-11-03 00:45:14.532585,2025-11-03 02:08:00.579,2274,0.02219446,0.02219446,0.02161777,100.00,100.00,f,f,SL_HIT,-1.0000,-0.8814,0.00027410,0.00000000,,,,,,,,,,,,,,,,,,,,,,,,,,,,,2.00,2.00,2.00,,,,,,,,,,,0.00,100.00,0.00,SCALP_15M
83,ZROUSDT,15m,fakey_buy,1.62510000,1.61091790,1.65346419,1.61091790,SL_HIT,LONG,2025-11-01 23:15:13.670471,2025-11-02 01:56:00.567,2186,1.65346419,1.65346419,1.61091790,100.00,100.00,f,f,SL_HIT,-1.0000,-0.8727,0.01027365,0.00000000,,,,,,,,,,,,,,,,,,,,,,,,,,,,,2.00,2.00,2.00,,,,,,,,,,,0.00,100.00,0.00,SCALP_15M
141,UNIUSDT,15m,pinbar_sell,5.37400000,5.42317717,5.27564566,5.42317717,SL_HIT,SHORT,2025-11-03 07:45:20.292336,2025-11-03 09:08:01.04,2304,5.27564566,5.27564566,5.42317717,100.00,100.00,f,f,SL_HIT,-1.0000,-0.9151,0.04725723,0.00000000,,,,,,,,,,,,,,,,,,,,,,,,,,,,,2.00,2.00,2.00,,,,,,,,,,,0.00,100.00,0.00,SCALP_15M
87,VFYUSDT,15m,pinbar_sell,0.07632000,0.07720528,0.07454944,0.07720528,SL_HIT,SHORT,2025-11-02 02:45:14.437154,2025-11-02 03:11:00.988,2196,0.07454944,0.07454944,0.07720528,100.00,100.00,f,f,SL_HIT,-1.0000,-1.1600,0.00085093,0.00000000,,,,,,,,,,,,,,,,,,,,,,,,,,,,,2.00,2.00,2.00,,,,,,,,,,,0.00,100.00,0.00,SCALP_15M
144,1000PEPEUSDT,15m,pinbar_sell,0.00616910,0.00623031,0.00604667,0.00623031,SL_HIT,SHORT,2025-11-03 07:45:27.47716,2025-11-03 09:09:01.007,2306,0.00604667,0.00604667,0.00623031,100.00,100.00,f,f,SL_HIT,-1.0000,-0.9922,0.00005238,0.00000000,,,,,,,,,,,,,,,,,,,,,,,,,,,,,2.00,2.00,2.00,,,,,,,,,,,0.00,100.00,0.00,SCALP_15M
119,FLOCKUSDT,15m,pinbar_sell,0.23740000,0.23892623,0.23434754,0.23892623,SL_HIT,SHORT,2025-11-02 22:00:19.050612,2025-11-02 23:14:00.552,2261,0.23434754,0.23434754,0.23892623,100.00,100.00,f,f,SL_HIT,-1.0000,-0.6429,0.00175409,0.00000000,,,,,,,,,,,,,,,,,,,,,,,,,,,,,2.00,2.00,2.00,,,,,,,,,,,0.00,100.00,0.00,SCALP_15M
122,OGUSDT,15m,pinbar_buy,12.39100000,12.25221180,12.66857641,12.25221180,SL_HIT,LONG,2025-11-02 23:15:12.99234,2025-11-03 00:56:00.534,2268,12.66857641,12.66857641,12.25221180,100.00,100.00,f,f,SL_HIT,-1.0000,-1.1201,0.10262734,0.00000000,,,,,,,,,,,,,,,,,,,,,,,,,,,,,2.00,2.00,2.00,,,,,,,,,,,0.00,100.00,0.00,SCALP_15M
140,PNUTUSDT,15m,pinbar_sell,0.11804000,0.11947958,0.11516084,0.11947958,SL_HIT,SHORT,2025-11-03 07:45:19.771546,2025-11-03 14:08:00.578,2302,0.11516084,0.11516084,0.11947958,100.00,100.00,f,f,SL_HIT,-1.0000,-1.2196,0.00119860,0.00000000,,,,,,,,,,,,,,,,,,,,,,,,,,,,,2.00,2.00,2.00,,,,,,,,,,,0.00,100.00,0.00,SCALP_15M
161,RUNEUSDT,15m,pinbar_sell,0.80900000,0.81590489,0.79519022,0.81590489,SL_HIT,SHORT,2025-11-03 11:30:14.86175,2025-11-03 12:13:01.052,2339,0.79519022,0.79519022,0.81590489,100.00,100.00,f,f,SL_HIT,-1.0000,-0.8535,0.00634964,0.00000000,,,,,,,,,,,,,,,,,,,,,,,,,,,,,2.00,2.00,2.00,,,,,,,,,,,0.00,100.00,0.00,SCALP_15M
177,BTCDOMUSDT,15m,pinbar_buy,4451.50000000,4436.36951442,4481.76097116,4436.36951442,SL_HIT,LONG,2025-11-03 13:45:18.399138,2025-11-03 14:08:01.198,2364,4481.76097116,4481.76097116,4436.36951442,100.00,100.00,f,f,SL_HIT,-1.0000,-0.3399,12.10161860,0.00000000,,,,,,,,,,,,,,,,,,,,,,,,,,,,,2.00,2.00,2.00,,,,,,,,,,,0.00,100.00,0.00,SCALP_15M
157,SANDUSDT,15m,pinbar_sell,0.19364000,0.19586237,0.18919525,0.19586237,SL_HIT,SHORT,2025-11-03 11:30:13.127102,2025-11-03 14:08:02.283,2335,0.18919525,0.18919525,0.19586237,100.00,100.00,f,f,SL_HIT,-1.0000,-1.1477,0.00170791,0.00000000,,,,,,,,,,,,,,,,,,,,,,,,,,,,,2.00,2.00,2.00,,,,,,,,,,,0.00,100.00,0.00,SCALP_15M
81,CELOUSDT,15m,pinbar_buy,0.24700000,0.24434514,0.25230971,0.24434514,SL_HIT,LONG,2025-11-01 22:15:16.403594,2025-11-01 22:41:00.574,2181,0.25230971,0.25230971,0.24434514,100.00,100.00,f,f,SL_HIT,-1.0000,-1.0748,0.00218286,0.00000000,,,,,,,,,,,,,,,,,,,,,,,,,,,,,2.00,2.00,2.00,,,,,,,,,,,0.00,100.00,0.00,SCALP_15M
84,0GUSDT,15m,fakey_sell,1.06380000,1.08268198,1.02603604,1.08268198,SL_HIT,SHORT,2025-11-02 00:15:16.560299,2025-11-02 01:31:01.519,2188,1.02603604,1.02603604,1.08268198,100.00,100.00,f,f,SL_HIT,-1.0000,-1.7750,0.01127327,0.00000000,,,,,,,,,,,,,,,,,,,,,,,,,,,,,2.00,2.00,2.00,,,,,,,,,,,0.00,100.00,0.00,SCALP_15M
86,ZENUSDT,15m,pinbar_buy,19.94400000,19.01707791,21.61245976,19.01707791,SL_HIT,LONG,2025-11-02 01:30:17.005782,2025-11-02 04:50:01.066,2193,21.61245976,21.61245976,19.01707791,100.00,100.00,f,f,SL_HIT,-1.0000,-4.6476,0.45640696,0.00000000,,,,,,,,,,,,,,,,,,,,,,,,,,,,,1.80,1.80,1.80,,,,,,,,,,,0.00,100.00,0.00,SCALP_15M
146,KASUSDT,15m,pinbar_sell,0.04905000,0.04948343,0.04818313,0.04948343,SL_HIT,SHORT,2025-11-03 08:00:18.719969,2025-11-03 09:04:02.519,2310,0.04818313,0.04818313,0.04948343,100.00,100.00,f,f,SL_HIT,-1.0000,-0.8836,0.00044478,0.00000000,,,,,,,,,,,,,,,,,,,,,,,,,,,,,2.00,2.00,2.00,,,,,,,,,,,0.00,100.00,0.00,SCALP_15M
50,STRKUSDT,15m,pinbar_sell,0.10370000,0.10446942,0.10216115,0.10446942,SL_HIT,SHORT,2025-11-01 01:15:18.31779,2025-11-01 01:32:01.496,2120,0.10216115,0.10216115,0.10446942,100.00,100.00,f,f,SL_HIT,-1.0000,-0.7420,0.00089808,0.00000000,,,,,,,,,,,,,,,,,,,,,,,,,,,,,2.00,2.00,2.00,,,,,,,,,,,0.00,100.00,0.00,SCALP_15M
145,ORDIUSDT,15m,pinbar_sell,4.38500000,4.42966930,4.29566140,4.42966930,SL_HIT,SHORT,2025-11-03 08:00:14.728731,2025-11-03 09:06:02.592,2309,4.29566140,4.29566140,4.42966930,100.00,100.00,f,f,SL_HIT,-1.0000,-1.0187,0.04889767,0.00000000,,,,,,,,,,,,,,,,,,,,,,,,,,,,,2.00,2.00,2.00,,,,,,,,,,,0.00,100.00,0.00,SCALP_15M
116,1000BONKUSDT,15m,pinbar_sell,0.01375800,0.01383404,0.01360592,0.01383404,SL_HIT,SHORT,2025-11-02 21:15:20.653927,2025-11-02 21:45:01.962,2250,0.01360592,0.01360592,0.01383404,100.00,100.00,f,f,SL_HIT,-1.0000,-0.5527,0.00007681,0.00000000,,,,,,,,,,,,,,,,,,,,,,,,,,,,,2.00,2.00,2.00,,,,,,,,,,,0.00,100.00,0.00,SCALP_15M
117,ZROUSDT,15m,pinbar_sell,1.59970000,1.60926504,1.58056992,1.60926504,SL_HIT,SHORT,2025-11-02 21:15:21.567467,2025-11-02 21:45:02.566,2251,1.58056992,1.58056992,1.60926504,100.00,100.00,f,f,SL_HIT,-1.0000,-0.5979,0.01055013,0.00000000,,,,,,,,,,,,,,,,,,,,,,,,,,,,,2.00,2.00,2.00,,,,,,,,,,,0.00,100.00,0.00,SCALP_15M
114,ONDOUSDT,15m,pinbar_sell,0.68540000,0.68790891,0.68038219,0.68790891,SL_HIT,SHORT,2025-11-02 21:15:16.640972,2025-11-02 21:48:00.598,2248,0.68038219,0.68038219,0.68790891,100.00,100.00,f,f,SL_HIT,-1.0000,-0.3661,0.00302968,0.00000000,,,,,,,,,,,,,,,,,,,,,,,,,,,,,2.00,2.00,2.00,,,,,,,,,,,0.00,100.00,0.00,SCALP_15M
120,BCHUSDT,15m,fakey_sell,532.10000000,534.63569279,527.02861442,534.63569279,SL_HIT,SHORT,2025-11-02 22:15:13.088444,2025-11-02 23:14:01.131,2263,527.02861442,527.02861442,534.63569279,100.00,100.00,f,f,SL_HIT,-1.0000,-0.4765,1.45230929,0.00000000,,,,,,,,,,,,,,,,,,,,,,,,,,,,,2.00,2.00,2.00,,,,,,,,,,,0.00,100.00,0.00,SCALP_15M
125,RVVUSDT,15m,pinbar_buy,0.00850500,0.00839325,0.00872849,0.00839325,SL_HIT,LONG,2025-11-03 00:15:17.390232,2025-11-03 00:41:02.422,2272,0.00872849,0.00872849,0.00839325,100.00,100.00,f,f,SL_HIT,-1.0000,-1.3139,0.00008582,0.00000000,,,,,,,,,,,,,,,,,,,,,,,,,,,,,2.00,2.00,2.00,,,,,,,,,,,0.00,100.00,0.00,SCALP_15M
124,LINEAUSDT,15m,fakey_buy,0.01399000,0.01378077,0.01440846,0.01378077,SL_HIT,LONG,2025-11-03 00:15:13.924044,2025-11-03 00:56:02.565,2271,0.01440846,0.01440846,0.01378077,100.00,100.00,f,f,SL_HIT,-1.0000,-1.4956,0.00013077,0.00000000,,,,,,,,,,,,,,,,,,,,,,,,,,,,,2.00,2.00,2.00,,,,,,,,,,,0.00,100.00,0.00,SCALP_15M
123,BLESSUSDT,15m,pinbar_buy,0.04175000,0.04032153,0.04432124,0.04032153,SL_HIT,LONG,2025-11-02 23:30:11.459068,2025-11-03 01:45:02.208,2269,0.04432124,0.04432124,0.04032153,100.00,100.00,f,f,SL_HIT,-1.0000,-3.4215,0.00109489,0.00000000,,,,,,,,,,,,,,,,,,,,,,,,,,,,,1.80,1.80,1.80,,,,,,,,,,,0.00,100.00,0.00,SCALP_15M
172,ARUSDT,15m,pinbar_sell,3.91400000,3.96533050,3.81133900,3.96533050,SL_HIT,SHORT,2025-11-03 12:00:21.067739,2025-11-03 12:21:06.74,2350,3.81133900,3.81133900,3.96533050,100.00,100.00,f,f,SL_HIT,-1.0000,-1.3115,0.04443501,0.00000000,,,,,,,,,,,,,,,,,,,,,,,,,,,,,2.00,2.00,2.00,,,,,,,,,,,0.00,100.00,0.00,SCALP_15M
158,PENDLEUSDT,15m,pinbar_sell,2.77330000,2.79986141,2.72017718,2.79986141,SL_HIT,SHORT,2025-11-03 11:30:13.174646,2025-11-03 12:13:05.503,2336,2.72017718,2.72017718,2.79986141,100.00,100.00,f,f,SL_HIT,-1.0000,-0.9578,0.02787136,0.00000000,,,,,,,,,,,,,,,,,,,,,,,,,,,,,2.00,2.00,2.00,,,,,,,,,,,0.00,100.00,0.00,SCALP_15M
168,POPCATUSDT,15m,fakey_sell,0.13350000,0.13565641,0.12918717,0.13565641,SL_HIT,SHORT,2025-11-03 12:00:15.710379,2025-11-03 14:06:05.868,2346,0.12918717,0.12918717,0.13565641,100.00,100.00,f,f,SL_HIT,-1.0000,-1.6153,0.00152138,0.00000000,,,,,,,,,,,,,,,,,,,,,,,,,,,,,2.00,2.00,2.00,,,,,,,,,,,0.00,100.00,0.00,SCALP_15M
31,TAOUSDT,15m,pinbar_buy,437.63000000,433.46908599,445.95182801,433.46908599,SL_HIT,LONG,2025-10-31 10:45:12.930427,2025-10-31 10:55:01.123,,445.95182801,445.95182801,433.46908599,100.00,100.00,f,f,SL_HIT,-1.0000,-0.9508,3.76971335,0.00000000,,,,,,,,,,,,,,,,,,,,,,,,,,,,,2.00,2.00,2.00,,,,,,,,,,,0.00,100.00,0.00,SCALP_15M
25,FARTCOINUSDT,15m,pinbar_sell,0.33050000,0.33526053,0.32097894,0.33526053,SL_HIT,SHORT,2025-10-31 06:15:11.721584,2025-10-31 07:59:00.997,,0.32097894,0.32097894,0.33526053,100.00,100.00,f,f,SL_HIT,-1.0000,-1.4404,0.00320177,0.00000000,,,,,,,,,,,,,,,,,,,,,,,,,,,,,2.00,2.00,2.00,,,,,,,,,,,0.00,100.00,0.00,SCALP_15M
129,KDAUSDT,15m,pinbar_buy,0.04951000,0.04566656,0.05642819,0.04566656,SL_HIT,LONG,2025-11-03 03:30:12.918414,2025-11-03 07:36:01.098,2285,0.05642819,0.05642819,0.04566656,100.00,100.00,f,f,SL_HIT,-1.0000,-7.7630,0.00194479,0.00000000,,,,,,,,,,,,,,,,,,,,,,,,,,,,,1.80,1.80,1.80,,,,,,,,,,,0.00,100.00,0.00,SCALP_15M
33,DYDXUSDT,15m,engulfing_sell,0.30000000,0.30389545,0.29220910,0.30389545,SL_HIT,SHORT,2025-10-31 11:00:20.297614,2025-10-31 11:48:02.89,,0.29220910,0.29220910,0.30389545,100.00,100.00,f,f,SL_HIT,-1.0000,-1.2985,0.00298484,0.00000000,,,,,,,,,,,,,,,,,,,,,,,,,,,,,2.00,2.00,2.00,,,,,,,,,,,0.00,100.00,0.00,SCALP_15M
30,STXUSDT,15m,fakey_sell,0.40590000,0.40952346,0.39865308,0.40952346,SL_HIT,SHORT,2025-10-31 10:00:19.100862,2025-10-31 11:49:00.528,,0.39865308,0.39865308,0.40952346,100.00,100.00,f,f,SL_HIT,-1.0000,-0.8927,0.00307820,0.00000000,,,,,,,,,,,,,,,,,,,,,,,,,,,,,2.00,2.00,2.00,,,,,,,,,,,0.00,100.00,0.00,SCALP_15M
34,WLFIUSDT,15m,fakey_sell,0.13580000,0.13697432,0.13345136,0.13697432,SL_HIT,SHORT,2025-10-31 11:15:12.217402,2025-10-31 11:54:02.459,,0.13345136,0.13345136,0.13697432,100.00,100.00,f,f,SL_HIT,-1.0000,-0.8647,0.00091440,0.00000000,,,,,,,,,,,,,,,,,,,,,,,,,,,,,2.00,2.00,2.00,,,,,,,,,,,0.00,100.00,0.00,SCALP_15M
26,FLMUSDT,15m,pinbar_buy,0.02630000,0.02480987,0.02928027,0.02480987,SL_HIT,LONG,2025-10-31 06:30:17.190143,2025-10-31 12:09:00.567,,0.02928027,0.02928027,0.02480987,100.00,100.00,f,f,SL_HIT,-1.0000,-5.6659,0.00096711,0.00000000,,,,,,,,,,,,,,,,,,,,,,,,,,,,,2.00,2.00,2.00,,,,,,,,,,,0.00,100.00,0.00,SCALP_15M
44,MUSDT,15m,pinbar_buy,2.51250000,2.48342068,2.57065864,2.48342068,SL_HIT,LONG,2025-10-31 16:30:11.050391,2025-10-31 18:31:03.801,2107,2.57065864,2.57065864,2.48342068,100.00,100.00,f,f,SL_HIT,-1.0000,-1.1574,0.02893107,0.00000000,,,,,,,,,,,,,,,,,,,,,,,,,,,,,2.00,2.00,2.00,,,,,,,,,,,0.00,100.00,0.00,SCALP_15M
134,TURBOUSDT,15m,pinbar_sell,0.00203970,0.00206569,0.00198772,0.00206569,SL_HIT,SHORT,2025-11-03 07:45:13.239869,2025-11-03 09:08:02.637,2296,0.00198772,0.00198772,0.00206569,100.00,100.00,f,f,SL_HIT,-1.0000,-1.2742,0.00002197,0.00000000,,,,,,,,,,,,,,,,,,,,,,,,,,,,,2.00,2.00,2.00,,,,,,,,,,,0.00,100.00,0.00,SCALP_15M
35,MUSDT,15m,pinbar_sell,2.47630000,2.53405249,2.36079501,2.53405249,SL_HIT,SHORT,2025-10-31 11:15:13.775606,2025-10-31 14:13:01.959,,2.36079501,2.36079501,2.53405249,100.00,100.00,f,f,SL_HIT,-1.0000,-2.3322,0.03050832,0.00000000,,,,,,,,,,,,,,,,,,,,,,,,,,,,,2.00,2.00,2.00,,,,,,,,,,,0.00,100.00,0.00,SCALP_15M
42,JELLYJELLYUSDT,15m,pinbar_sell,0.14293000,0.14938749,0.13130652,0.14938749,SL_HIT,SHORT,2025-10-31 14:15:16.737621,2025-10-31 14:28:03.785,2103,0.13130652,0.13130652,0.14938749,100.00,100.00,f,f,SL_HIT,-1.0000,-4.5179,0.00575830,0.00000000,,,,,,,,,,,,,,,,,,,,,,,,,,,,,1.80,1.80,1.80,,,,,,,,,,,0.00,100.00,0.00,SCALP_15M
32,WUSDT,1h,pinbar_sell,0.06379000,0.06601786,0.05933429,0.06601786,SL_HIT,SHORT,2025-10-31 11:00:17.23616,2025-10-31 15:11:01.493,2077,0.06156214,0.05710643,0.06601786,100.00,100.00,f,f,SL_HIT,-1.0000,-3.4925,0.00222786,0.00247571,999.0000,999.0000,10.0000,chop,,,,,,,,,999.00000000,999.00000000,403571.60,0,none,2.5000,50.00,,0.06425000,2.50,f,,f,f,f,999.00,1.00,2.00,3.00,0.80,"{""trend"": -0.1, ""multi_tf"": -0.1, ""volatility"": 0, ""pattern_score"": -0.1, ""zone_freshness"": -0.2}","Base 1.2 (-0.1 pattern, -0.2 fresh, -0.1 trend, -0.1 multiTF) = 0.80",with,t,normal,t,TP1 R:R 1.00 >= 0.80 ✅,6,"{""atKeyZone"": false, ""zoneFresh"": false, ""rAvailable"": true, ""volumeSpike"": false, ""trendAligned"": true, ""cleanRejection"": true, ""patternQuality"": true, ""multiTFconfluence"": true}",50.00,30.00,20.00,BALANCED
135,DYDXUSDT,15m,pinbar_sell,0.29100000,0.29628135,0.28043730,0.29628135,SL_HIT,SHORT,2025-11-03 07:45:14.138915,2025-11-03 14:08:06.64,2297,0.28043730,0.28043730,0.29628135,100.00,100.00,f,f,SL_HIT,-1.0000,-1.8149,0.00427117,0.00000000,,,,,,,,,,,,,,,,,,,,,,,,,,,,,2.00,2.00,2.00,,,,,,,,,,,0.00,100.00,0.00,SCALP_15M
45,ICNTUSDT,15m,pinbar_buy,0.30410000,0.29309410,0.32391062,0.29309410,SL_HIT,LONG,2025-10-31 17:45:12.34008,2025-10-31 18:09:01.492,2110,0.32391062,0.32391062,0.29309410,100.00,100.00,f,f,SL_HIT,-1.0000,-3.6192,0.01501966,0.00000000,,,,,,,,,,,,,,,,,,,,,,,,,,,,,1.80,1.80,1.80,,,,,,,,,,,0.00,100.00,0.00,SCALP_15M
47,DYDXUSDT,15m,ppr_sell,0.29500000,0.30022704,0.28454593,0.30022704,SL_HIT,SHORT,2025-10-31 19:00:17.785599,2025-10-31 19:35:04.736,2114,0.28454593,0.28454593,0.30022704,100.00,100.00,f,f,SL_HIT,-1.0000,-1.7719,0.00409012,0.00000000,,,,,,,,,,,,,,,,,,,,,,,,,,,,,2.00,2.00,2.00,,,,,,,,,,,0.00,100.00,0.00,SCALP_15M
82,PORT3USDT,15m,fakey_buy,0.04332000,0.04226975,0.04542051,0.04226975,SL_HIT,LONG,2025-11-01 23:00:12.664894,2025-11-02 00:16:02.928,2184,0.04542051,0.04542051,0.04226975,100.00,100.00,f,f,SL_HIT,-1.0000,-2.4244,0.00090084,0.00000000,,,,,,,,,,,,,,,,,,,,,,,,,,,,,2.00,2.00,2.00,,,,,,,,,,,0.00,100.00,0.00,SCALP_15M
133,MANAUSDT,15m,pinbar_sell,0.21650000,0.21885450,0.21179100,0.21885450,SL_HIT,SHORT,2025-11-03 07:45:13.157608,2025-11-03 09:09:01.643,2295,0.21179100,0.21179100,0.21885450,100.00,100.00,f,f,SL_HIT,-1.0000,-1.0875,0.00184833,0.00000000,,,,,,,,,,,,,,,,,,,,,,,,,,,,,2.00,2.00,2.00,,,,,,,,,,,0.00,100.00,0.00,SCALP_15M
48,1000SATSUSDT,15m,pinbar_buy,0.00002220,0.00002194,0.00002271,0.00002194,SL_HIT,LONG,2025-11-01 00:30:17.795025,2025-11-01 02:10:03.565,2118,0.00002271,0.00002271,0.00002194,100.00,100.00,f,f,SL_HIT,-1.0000,-1.1712,0.00000019,0.00000000,,,,,,,,,,,,,,,,,,,,,,,,,,,,,2.00,2.00,2.00,,,,,,,,,,,0.00,100.00,0.00,SCALP_15M
132,SOPHUSDT,15m,pinbar_sell,0.02428200,0.02454928,0.02374744,0.02454928,SL_HIT,SHORT,2025-11-03 07:45:11.691973,2025-11-03 08:59:02.954,2294,0.02374744,0.02374744,0.02454928,100.00,100.00,f,f,SL_HIT,-1.0000,-1.1007,0.00018759,0.00000000,,,,,,,,,,,,,,,,,,,,,,,,,,,,,2.00,2.00,2.00,,,,,,,,,,,0.00,100.00,0.00,SCALP_15M
139,WALUSDT,15m,pinbar_sell,0.21560000,0.21834072,0.21011855,0.21834072,SL_HIT,SHORT,2025-11-03 07:45:19.089288,2025-11-03 08:12:05.886,2301,0.21011855,0.21011855,0.21834072,100.00,100.00,f,f,SL_HIT,-1.0000,-1.2712,0.00213574,0.00000000,,,,,,,,,,,,,,,,,,,,,,,,,,,,,2.00,2.00,2.00,,,,,,,,,,,0.00,100.00,0.00,SCALP_15M
59,ASTERUSDT,15m,pinbar_buy,1.00240000,0.99055193,1.02609613,0.99055193,SL_HIT,LONG,2025-11-01 05:15:18.372064,2025-11-01 06:25:04.132,2136,1.02609613,1.02609613,0.99055193,100.00,100.00,f,f,SL_HIT,-1.0000,-1.1820,0.00982689,0.00000000,,,,,,,,,,,,,,,,,,,,,,,,,,,,,2.00,2.00,2.00,,,,,,,,,,,0.00,100.00,0.00,SCALP_15M
56,TRUMPUSDT,15m,pinbar_buy,8.33200000,8.26634664,8.46330672,8.26634664,SL_HIT,LONG,2025-11-01 04:30:13.398071,2025-11-01 04:42:04.856,2132,8.46330672,8.46330672,8.26634664,100.00,100.00,f,f,SL_HIT,-1.0000,-0.7880,0.08217786,0.00000000,,,,,,,,,,,,,,,,,,,,,,,,,,,,,2.00,2.00,2.00,,,,,,,,,,,0.00,100.00,0.00,SCALP_15M
62,APRUSDT,15m,fakey_buy,0.33382000,0.32311245,0.35309359,0.32311245,SL_HIT,LONG,2025-11-01 07:15:14.277508,2025-11-01 14:14:02.428,2145,0.35309359,0.35309359,0.32311245,100.00,100.00,f,f,SL_HIT,-1.0000,-3.2076,0.00562516,0.00000000,,,,,,,,,,,,,,,,,,,,,,,,,,,,,1.80,1.80,1.80,,,,,,,,,,,0.00,100.00,0.00,SCALP_15M
55,MERLUSDT,15m,fakey_sell,0.32428000,0.32629995,0.32024011,0.32629995,SL_HIT,SHORT,2025-11-01 03:45:12.765816,2025-11-01 05:21:03.841,2131,0.32024011,0.32024011,0.32629995,100.00,100.00,f,f,SL_HIT,-1.0000,-0.6229,0.00206649,0.00000000,,,,,,,,,,,,,,,,,,,,,,,,,,,,,2.00,2.00,2.00,,,,,,,,,,,0.00,100.00,0.00,SCALP_15M
75,YBUSDT,15m,fakey_sell,0.54980000,0.55969152,0.53001696,0.55969152,SL_HIT,SHORT,2025-11-01 13:45:17.074071,2025-11-01 16:46:04.332,2170,0.53001696,0.53001696,0.55969152,100.00,100.00,f,f,SL_HIT,-1.0000,-1.7991,0.00630507,0.00000000,,,,,,,,,,,,,,,,,,,,,,,,,,,,,2.00,2.00,2.00,,,,,,,,,,,0.00,100.00,0.00,SCALP_15M
57,ARBUSDT,15m,pinbar_buy,0.29840000,0.29662178,0.30195643,0.29662178,SL_HIT,LONG,2025-11-01 04:45:17.930961,2025-11-01 05:49:03.859,2134,0.30195643,0.30195643,0.29662178,100.00,100.00,f,f,SL_HIT,-1.0000,-0.5959,0.00159405,0.00000000,,,,,,,,,,,,,,,,,,,,,,,,,,,,,2.00,2.00,2.00,,,,,,,,,,,0.00,100.00,0.00,SCALP_15M
58,SAPIENUSDT,15m,pinbar_buy,0.17182000,0.16671963,0.18202075,0.16671963,SL_HIT,LONG,2025-11-01 05:15:16.53985,2025-11-01 06:01:03.885,2135,0.18202075,0.18202075,0.16671963,100.00,100.00,f,f,SL_HIT,-1.0000,-2.9684,0.00470124,0.00000000,,,,,,,,,,,,,,,,,,,,,,,,,,,,,2.00,2.00,2.00,,,,,,,,,,,0.00,100.00,0.00,SCALP_15M
52,VETUSDT,1h,pinbar_sell,0.01563200,0.01614282,0.01461036,0.01614282,SL_HIT,SHORT,2025-11-01 02:00:15.026215,2025-11-01 08:01:01.984,2125,0.01512118,0.01409954,0.01614282,100.00,100.00,f,f,SL_HIT,-1.0000,-3.2678,0.00051082,0.00045529,999.0000,11.6279,10.0000,chop,,,,,,,,,999.00000000,999.00000000,1760106.20,0,none,2.5000,50.00,,0.01563300,2.50,f,,f,f,f,10.36,1.00,2.00,3.00,0.80,"{""trend"": -0.1, ""multi_tf"": -0.1, ""volatility"": 0, ""pattern_score"": -0.1, ""zone_freshness"": -0.2}","Base 1.2 (-0.1 pattern, -0.2 fresh, -0.1 trend, -0.1 multiTF) = 0.80",with,t,normal,t,TP1 R:R 1.00 >= 0.80 ✅,6,"{""atKeyZone"": false, ""zoneFresh"": false, ""rAvailable"": true, ""volumeSpike"": false, ""trendAligned"": true, ""cleanRejection"": true, ""patternQuality"": true, ""multiTFconfluence"": true}",50.00,30.00,20.00,BALANCED
63,LQTYUSDT,15m,fakey_sell,0.58270000,0.58876258,0.57057485,0.58876258,SL_HIT,SHORT,2025-11-01 07:45:16.912614,2025-11-01 08:04:03.84,2148,0.57057485,0.57057485,0.58876258,100.00,100.00,f,f,SL_HIT,-1.0000,-1.0404,0.00420859,0.00000000,,,,,,,,,,,,,,,,,,,,,,,,,,,,,2.00,2.00,2.00,,,,,,,,,,,0.00,100.00,0.00,SCALP_15M
68,SHELLUSDT,15m,pinbar_buy,0.11700000,0.11460468,0.12179064,0.11460468,SL_HIT,LONG,2025-11-01 08:30:11.713467,2025-11-01 09:46:02.905,2156,0.12179064,0.12179064,0.11460468,100.00,100.00,f,f,SL_HIT,-1.0000,-2.0473,0.00165106,0.00000000,,,,,,,,,,,,,,,,,,,,,,,,,,,,,2.00,2.00,2.00,,,,,,,,,,,0.00,100.00,0.00,SCALP_15M
67,1000PEPEUSDT,15m,fakey_buy,0.00662850,0.00652778,0.00682995,0.00652778,SL_HIT,LONG,2025-11-01 08:00:18.908067,2025-11-02 16:14:01.468,2152,0.00682995,0.00682995,0.00652778,100.00,100.00,f,f,SL_HIT,-1.0000,-1.5195,0.00002941,0.00000000,,,,,,,,,,,,,,,,,,,,,,,,,,,,,2.00,2.00,2.00,,,,,,,,,,,0.00,100.00,0.00,SCALP_15M
64,BARDUSDT,15m,fakey_buy,0.66990000,0.66653212,0.67663576,0.66653212,SL_HIT,LONG,2025-11-01 08:00:11.284614,2025-11-01 12:58:03.809,2149,0.67663576,0.67663576,0.66653212,100.00,100.00,f,f,SL_HIT,-1.0000,-0.5027,0.00289293,0.00000000,,,,,,,,,,,,,,,,,,,,,,,,,,,,,2.00,2.00,2.00,,,,,,,,,,,0.00,100.00,0.00,SCALP_15M
74,MAVIAUSDT,15m,pinbar_sell,0.10249000,0.10426682,0.09893637,0.10426682,SL_HIT,SHORT,2025-11-01 12:45:17.583973,2025-11-01 13:33:08.021,2166,0.09893637,0.09893637,0.10426682,100.00,100.00,f,f,SL_HIT,-1.0000,-1.7337,0.00108939,0.00000000,,,,,,,,,,,,,,,,,,,,,,,,,,,,,2.00,2.00,2.00,,,,,,,,,,,0.00,100.00,0.00,SCALP_15M
60,ATHUSDT,15m,pinbar_buy,0.02829000,0.02761668,0.02963665,0.02761668,SL_HIT,LONG,2025-11-01 05:30:11.445311,2025-11-01 14:11:02.929,2138,0.02963665,0.02963665,0.02761668,100.00,100.00,f,f,SL_HIT,-1.0000,-2.3801,0.00031108,0.00000000,,,,,,,,,,,,,,,,,,,,,,,,,,,,,2.00,2.00,2.00,,,,,,,,,,,0.00,100.00,0.00,SCALP_15M
78,KAITOUSDT,15m,pinbar_sell,1.03930000,1.04608848,1.02572305,1.04608848,SL_HIT,SHORT,2025-11-01 19:00:15.465022,2025-11-01 22:55:04.84,2178,1.02572305,1.02572305,1.04608848,100.00,100.00,f,f,SL_HIT,-1.0000,-0.6532,0.00762825,0.00000000,,,,,,,,,,,,,,,,,,,,,,,,,,,,,2.00,2.00,2.00,,,,,,,,,,,0.00,100.00,0.00,SCALP_15M
79,JELLYJELLYUSDT,15m,pinbar_sell,0.05998000,0.06248835,0.05546496,0.06248835,SL_HIT,SHORT,2025-11-01 19:15:16.813197,2025-11-01 23:08:05.23,2179,0.05546496,0.05546496,0.06248835,100.00,100.00,f,f,SL_HIT,-1.0000,-4.1820,0.00306118,0.00000000,,,,,,,,,,,,,,,,,,,,,,,,,,,,,1.80,1.80,1.80,,,,,,,,,,,0.00,100.00,0.00,SCALP_15M
77,HUSDT,15m,pinbar_sell,0.24084000,0.24868331,0.22672204,0.24868331,SL_HIT,SHORT,2025-11-01 18:45:15.576812,2025-11-02 00:05:05.993,2177,0.22672204,0.22672204,0.24868331,100.00,100.00,f,f,SL_HIT,-1.0000,-3.2566,0.00601103,0.00000000,,,,,,,,,,,,,,,,,,,,,,,,,,,,,1.80,1.80,1.80,,,,,,,,,,,0.00,100.00,0.00,SCALP_15M
70,LINEAUSDT,15m,fakey_buy,0.01459000,0.01360339,0.01636590,0.01360339,SL_HIT,LONG,2025-11-01 11:45:13.78979,2025-11-02 03:07:04.291,2161,0.01636590,0.01636590,0.01360339,100.00,100.00,f,f,SL_HIT,-1.0000,-6.7622,0.00022204,0.00000000,,,,,,,,,,,,,,,,,,,,,,,,,,,,,1.80,1.80,1.80,,,,,,,,,,,0.00,100.00,0.00,SCALP_15M
89,WALUSDT,15m,fakey_sell,0.22720000,0.22931405,0.22297189,0.22931405,SL_HIT,SHORT,2025-11-02 03:45:15.863963,2025-11-02 04:47:03.853,2201,0.22297189,0.22297189,0.22931405,100.00,100.00,f,f,SL_HIT,-1.0000,-0.9305,0.00104684,0.00000000,,,,,,,,,,,,,,,,,,,,,,,,,,,,,2.00,2.00,2.00,,,,,,,,,,,0.00,100.00,0.00,SCALP_15M
93,DOTUSDT,15m,pinbar_buy,2.99200000,2.98143558,3.01312885,2.98143558,SL_HIT,LONG,2025-11-02 09:00:11.395366,2025-11-02 10:20:03.434,2215,3.01312885,3.01312885,2.98143558,100.00,100.00,f,f,SL_HIT,-1.0000,-0.3531,0.01188141,0.00000000,,,,,,,,,,,,,,,,,,,,,,,,,,,,,2.00,2.00,2.00,,,,,,,,,,,0.00,100.00,0.00,SCALP_15M
91,XPLUSDT,15m,pinbar_sell,0.29710000,0.29908875,0.29312250,0.29908875,SL_HIT,SHORT,2025-11-02 07:00:11.700221,2025-11-02 07:54:03.362,2208,0.29312250,0.29312250,0.29908875,100.00,100.00,f,f,SL_HIT,-1.0000,-0.6694,0.00229583,0.00000000,,,,,,,,,,,,,,,,,,,,,,,,,,,,,2.00,2.00,2.00,,,,,,,,,,,0.00,100.00,0.00,SCALP_15M
92,RVVUSDT,15m,pinbar_sell,0.00846800,0.00892806,0.00763989,0.00892806,SL_HIT,SHORT,2025-11-02 07:30:13.762041,2025-11-02 08:26:03.347,2209,0.00763989,0.00763989,0.00892806,100.00,100.00,f,f,SL_HIT,-1.0000,-5.4329,0.00017020,0.00000000,,,,,,,,,,,,,,,,,,,,,,,,,,,,,1.80,1.80,1.80,,,,,,,,,,,0.00,100.00,0.00,SCALP_15M
90,CAKEUSDT,15m,fakey_buy,2.56140000,2.54199020,2.60021961,2.54199020,SL_HIT,LONG,2025-11-02 06:30:14.078387,2025-11-02 08:35:03.05,2207,2.60021961,2.60021961,2.54199020,100.00,100.00,f,f,SL_HIT,-1.0000,-0.7578,0.01103268,0.00000000,,,,,,,,,,,,,,,,,,,,,,,,,,,,,2.00,2.00,2.00,,,,,,,,,,,0.00,100.00,0.00,SCALP_15M
95,JUPUSDT,15m,pinbar_buy,0.41460000,0.41259672,0.41860657,0.41259672,SL_HIT,LONG,2025-11-02 09:00:13.50762,2025-11-02 09:34:03.383,2217,0.41860657,0.41860657,0.41259672,100.00,100.00,f,f,SL_HIT,-1.0000,-0.4832,0.00201095,0.00000000,,,,,,,,,,,,,,,,,,,,,,,,,,,,,2.00,2.00,2.00,,,,,,,,,,,0.00,100.00,0.00,SCALP_15M
94,OPUSDT,15m,pinbar_buy,0.42460000,0.42181816,0.43016368,0.42181816,SL_HIT,LONG,2025-11-02 09:00:11.401955,2025-11-02 10:06:02.948,2214,0.43016368,0.43016368,0.42181816,100.00,100.00,f,f,SL_HIT,-1.0000,-0.6552,0.00227280,0.00000000,,,,,,,,,,,,,,,,,,,,,,,,,,,,,2.00,2.00,2.00,,,,,,,,,,,0.00,100.00,0.00,SCALP_15M
113,1000FLOKIUSDT,15m,pinbar_sell,0.06832000,0.06868611,0.06758778,0.06868611,SL_HIT,SHORT,2025-11-02 21:15:15.612036,2025-11-02 21:51:05.074,2247,0.06758778,0.06758778,0.06868611,100.00,100.00,f,f,SL_HIT,-1.0000,-0.5359,0.00038703,0.00000000,,,,,,,,,,,,,,,,,,,,,,,,,,,,,2.00,2.00,2.00,,,,,,,,,,,0.00,100.00,0.00,SCALP_15M
98,HUSDT,15m,pinbar_sell,0.24206000,0.24567182,0.23483637,0.24567182,SL_HIT,SHORT,2025-11-02 10:15:12.664652,2025-11-02 13:06:02.436,2222,0.23483637,0.23483637,0.24567182,100.00,100.00,f,f,SL_HIT,-1.0000,-1.4921,0.00287272,0.00000000,,,,,,,,,,,,,,,,,,,,,,,,,,,,,2.00,2.00,2.00,,,,,,,,,,,0.00,100.00,0.00,SCALP_15M
101,BLUAIUSDT,15m,pinbar_sell,0.02040000,0.02059829,0.02000343,0.02059829,SL_HIT,SHORT,2025-11-02 13:00:16.280904,2025-11-02 13:07:03.388,2227,0.02000343,0.02000343,0.02059829,100.00,100.00,f,f,SL_HIT,-1.0000,-0.9720,0.00029429,0.00000000,,,,,,,,,,,,,,,,,,,,,,,,,,,,,2.00,2.00,2.00,,,,,,,,,,,0.00,100.00,0.00,SCALP_15M
102,OGUSDT,15m,pinbar_buy,12.32500000,12.18618814,12.60262372,12.18618814,SL_HIT,LONG,2025-11-02 13:00:19.273616,2025-11-02 13:31:02.901,2228,12.60262372,12.60262372,12.18618814,100.00,100.00,f,f,SL_HIT,-1.0000,-1.1263,0.12603954,0.00000000,,,,,,,,,,,,,,,,,,,,,,,,,,,,,2.00,2.00,2.00,,,,,,,,,,,0.00,100.00,0.00,SCALP_15M
103,ZKUSDT,15m,fakey_buy,0.06874000,0.06440163,0.07654906,0.06440163,SL_HIT,LONG,2025-11-02 13:30:15.211439,2025-11-02 14:35:02.478,2232,0.07654906,0.07654906,0.06440163,100.00,100.00,f,f,SL_HIT,-1.0000,-6.3113,0.00316122,0.00000000,,,,,,,,,,,,,,,,,,,,,,,,,,,,,1.80,1.80,1.80,,,,,,,,,,,0.00,100.00,0.00,SCALP_15M
111,DOGEUSDT,15m,pinbar_sell,0.18334000,0.18387510,0.18226981,0.18387510,SL_HIT,SHORT,2025-11-02 21:15:14.567948,2025-11-02 21:39:05.736,2245,0.18226981,0.18226981,0.18387510,100.00,100.00,f,f,SL_HIT,-1.0000,-0.2919,0.00061699,0.00000000,,,,,,,,,,,,,,,,,,,,,,,,,,,,,2.00,2.00,2.00,,,,,,,,,,,0.00,100.00,0.00,SCALP_15M
115,ALGOUSDT,15m,pinbar_sell,0.17470000,0.17555036,0.17299929,0.17555036,SL_HIT,SHORT,2025-11-02 21:15:16.647396,2025-11-02 21:48:05.919,2249,0.17299929,0.17299929,0.17555036,100.00,100.00,f,f,SL_HIT,-1.0000,-0.4868,0.00083452,0.00000000,,,,,,,,,,,,,,,,,,,,,,,,,,,,,2.00,2.00,2.00,,,,,,,,,,,0.00,100.00,0.00,SCALP_15M
110,PNUTUSDT,15m,pinbar_sell,0.12538000,0.12598369,0.12417262,0.12598369,SL_HIT,SHORT,2025-11-02 21:15:14.080792,2025-11-02 21:51:03.014,2244,0.12417262,0.12417262,0.12598369,100.00,100.00,f,f,SL_HIT,-1.0000,-0.4815,0.00064564,0.00000000,,,,,,,,,,,,,,,,,,,,,,,,,,,,,2.00,2.00,2.00,,,,,,,,,,,0.00,100.00,0.00,SCALP_15M
108,STBLUSDT,15m,pinbar_sell,0.08740000,0.08839724,0.08540552,0.08839724,SL_HIT,SHORT,2025-11-02 21:00:13.51747,2025-11-02 21:20:05.553,2242,0.08540552,0.08540552,0.08839724,100.00,100.00,f,f,SL_HIT,-1.0000,-1.1410,0.00112414,0.00000000,,,,,,,,,,,,,,,,,,,,,,,,,,,,,2.00,2.00,2.00,,,,,,,,,,,0.00,100.00,0.00,SCALP_15M
109,SPXUSDT,15m,pinbar_sell,0.84630000,0.85284254,0.83321492,0.85284254,SL_HIT,SHORT,2025-11-02 21:15:13.511008,2025-11-02 22:14:04.344,2243,0.83321492,0.83321492,0.85284254,100.00,100.00,f,f,SL_HIT,-1.0000,-0.7731,0.00680846,0.00000000,,,,,,,,,,,,,,,,,,,,,,,,,,,,,2.00,2.00,2.00,,,,,,,,,,,0.00,100.00,0.00,SCALP_15M
118,API3USDT,15m,pinbar_sell,0.65880000,0.66158203,0.65323594,0.66158203,SL_HIT,SHORT,2025-11-02 22:00:12.406632,2025-11-02 23:03:03.42,2260,0.65323594,0.65323594,0.66158203,100.00,100.00,f,f,SL_HIT,-1.0000,-0.4223,0.00260676,0.00000000,,,,,,,,,,,,,,,,,,,,,,,,,,,,,2.00,2.00,2.00,,,,,,,,,,,0.00,100.00,0.00,SCALP_15M
176,JASMYUSDT,15m,pinbar_sell,0.00934600,0.00945020,0.00913759,0.00945020,SL_HIT,SHORT,2025-11-03 13:45:13.646634,2025-11-03 14:08:10.611,2363,0.00913759,0.00913759,0.00945020,100.00,100.00,f,f,SL_HIT,-1.0000,-1.1149,0.00007734,0.00000000,,,,,,,,,,,,,,,,,,,,,,,,,,,,,2.00,2.00,2.00,,,,,,,,,,,0.00,100.00,0.00,SCALP_15M
143,ARUSDT,15m,pinbar_sell,3.89600000,3.94837689,3.79124622,3.94837689,SL_HIT,SHORT,2025-11-03 07:45:27.458651,2025-11-03 07:57:08.568,2305,3.79124622,3.79124622,3.94837689,100.00,100.00,f,f,SL_HIT,-1.0000,-1.3444,0.04125630,0.00000000,,,,,,,,,,,,,,,,,,,,,,,,,,,,,2.00,2.00,2.00,,,,,,,,,,,0.00,100.00,0.00,SCALP_15M
142,DOTUSDT,15m,pinbar_sell,2.76100000,2.78924594,2.70450811,2.78924594,SL_HIT,SHORT,2025-11-03 07:45:20.29887,2025-11-03 09:06:07.724,2303,2.70450811,2.70450811,2.78924594,100.00,100.00,f,f,SL_HIT,-1.0000,-1.0230,0.02415314,0.00000000,,,,,,,,,,,,,,,,,,,,,,,,,,,,,2.00,2.00,2.00,,,,,,,,,,,0.00,100.00,0.00,SCALP_15M
137,PENGUUSDT,15m,pinbar_sell,0.01634500,0.01659085,0.01585330,0.01659085,SL_HIT,SHORT,2025-11-03 07:45:15.302743,2025-11-03 09:08:05.636,2299,0.01585330,0.01585330,0.01659085,100.00,100.00,f,f,SL_HIT,-1.0000,-1.5041,0.00018284,0.00000000,,,,,,,,,,,,,,,,,,,,,,,,,,,,,2.00,2.00,2.00,,,,,,,,,,,0.00,100.00,0.00,SCALP_15M
138,DOGEUSDT,15m,pinbar_sell,0.17328000,0.17486915,0.17010170,0.17486915,SL_HIT,SHORT,2025-11-03 07:45:18.914613,2025-11-03 09:08:06.417,2300,0.17010170,0.17010170,0.17486915,100.00,100.00,f,f,SL_HIT,-1.0000,-0.9171,0.00133050,0.00000000,,,,,,,,,,,,,,,,,,,,,,,,,,,,,2.00,2.00,2.00,,,,,,,,,,,0.00,100.00,0.00,SCALP_15M
164,AXSUSDT,15m,pinbar_sell,1.33000000,1.34411672,1.30176656,1.34411672,SL_HIT,SHORT,2025-11-03 11:30:20.69603,2025-11-03 13:38:09.976,2342,1.30176656,1.30176656,1.34411672,100.00,100.00,f,f,SL_HIT,-1.0000,-1.0614,0.01372241,0.00000000,,,,,,,,,,,,,,,,,,,,,,,,,,,,,2.00,2.00,2.00,,,,,,,,,,,0.00,100.00,0.00,SCALP_15M
159,GALAUSDT,15m,pinbar_sell,0.00951000,0.00961261,0.00930479,0.00961261,SL_HIT,SHORT,2025-11-03 11:30:13.785548,2025-11-03 14:07:08.7,2337,0.00930479,0.00930479,0.00961261,100.00,100.00,f,f,SL_HIT,-1.0000,-1.0790,0.00010869,0.00000000,,,,,,,,,,,,,,,,,,,,,,,,,,,,,2.00,2.00,2.00,,,,,,,,,,,0.00,100.00,0.00,SCALP_15M
163,NEIROUSDT,15m,pinbar_sell,0.00016830,0.00017029,0.00016433,0.00017029,SL_HIT,SHORT,2025-11-03 11:30:18.515429,2025-11-03 12:22:12.811,2341,0.00016433,0.00016433,0.00017029,100.00,100.00,f,f,SL_HIT,-1.0000,-1.1824,0.00000195,0.00000000,,,,,,,,,,,,,,,,,,,,,,,,,,,,,2.00,2.00,2.00,,,,,,,,,,,0.00,100.00,0.00,SCALP_15M
169,APTUSDT,15m,fakey_sell,3.10160000,3.12989718,3.04500564,3.12989718,SL_HIT,SHORT,2025-11-03 12:00:16.662777,2025-11-03 12:22:14.887,2347,3.04500564,3.04500564,3.12989718,100.00,100.00,f,f,SL_HIT,-1.0000,-0.9123,0.02699059,0.00000000,,,,,,,,,,,,,,,,,,,,,,,,,,,,,2.00,2.00,2.00,,,,,,,,,,,0.00,100.00,0.00,SCALP_15M
160,METUSDT,15m,pinbar_sell,0.36070000,0.36528772,0.35152456,0.36528772,SL_HIT,SHORT,2025-11-03 11:30:14.772236,2025-11-03 12:27:10.965,2338,0.35152456,0.35152456,0.36528772,100.00,100.00,f,f,SL_HIT,-1.0000,-1.2719,0.00495906,0.00000000,,,,,,,,,,,,,,,,,,,,,,,,,,,,,2.00,2.00,2.00,,,,,,,,,,,0.00,100.00,0.00,SCALP_15M
107,TAOUSDT,1h,pinbar_buy,483.05000000,450.97607143,547.19785714,450.97607143,SL_HIT,LONG,2025-11-02 17:00:14.066218,2025-11-03 15:31:02.999,2240,515.12392857,579.27178571,450.97607143,100.00,100.00,f,f,SL_HIT,-1.0000,-6.6399,32.07392857,26.17571429,999.0000,999.0000,10.0000,impulse_down,,,,,,,,,999.00000000,999.00000000,28.00,0,none,2.5000,50.00,,485.94000000,2.50,f,,f,f,f,999.00,1.00,2.00,3.00,0.80,"{""trend"": 0, ""multi_tf"": -0.1, ""volatility"": 0, ""pattern_score"": -0.1, ""zone_freshness"": -0.2}","Base 1.2 (-0.1 pattern, -0.2 fresh, -0.1 multiTF) = 0.80",neutral,t,normal,t,TP1 R:R 1.00 >= 0.80 ✅,6,"{""atKeyZone"": false, ""zoneFresh"": false, ""rAvailable"": true, ""volumeSpike"": true, ""trendAligned"": false, ""cleanRejection"": true, ""patternQuality"": true, ""multiTFconfluence"": true}",50.00,30.00,20.00,BALANCED
202,METUSDT,15m,pinbar_buy,0.38350000,0.36592674,0.41513186,0.36592674,SL_HIT,LONG,2025-11-03 15:45:14.715482,2025-11-03 16:07:01.024,2435,0.41513186,0.41513186,0.36592674,100.00,100.00,f,f,SL_HIT,-1.0000,-4.5823,0.00624418,0.00000000,,,,,,,,,,,,,,,,,,,,,,,,,,,,,1.80,1.80,1.80,,,,,,,,,,,0.00,100.00,0.00,SCALP_15M
207,INJUSDT,15m,pinbar_sell,6.93800000,6.99950704,6.81498591,6.99950704,SL_HIT,SHORT,2025-11-03 17:00:18.303028,2025-11-03 17:19:03.356,2441,6.81498591,6.81498591,6.99950704,100.00,100.00,f,f,SL_HIT,-1.0000,-0.8865,0.10835681,0.00000000,,,,,,,,,,,,,,,,,,,,,,,,,,,,,2.00,2.00,2.00,,,,,,,,,,,0.00,100.00,0.00,SCALP_15M
204,THETAUSDT,15m,pinbar_sell,0.42510000,0.42974232,0.41581536,0.42974232,SL_HIT,SHORT,2025-11-03 17:00:13.218198,2025-11-03 17:21:01.961,2438,0.41581536,0.41581536,0.42974232,100.00,100.00,f,f,SL_HIT,-1.0000,-1.0921,0.00680773,0.00000000,,,,,,,,,,,,,,,,,,,,,,,,,,,,,2.00,2.00,2.00,,,,,,,,,,,0.00,100.00,0.00,SCALP_15M
206,TURBOUSDT,15m,pinbar_sell,0.00193450,0.00195593,0.00189163,0.00195593,SL_HIT,SHORT,2025-11-03 17:00:17.363533,2025-11-03 17:21:03.133,2440,0.00189163,0.00189163,0.00195593,100.00,100.00,f,f,SL_HIT,-1.0000,-1.1078,0.00003511,0.00000000,,,,,,,,,,,,,,,,,,,,,,,,,,,,,2.00,2.00,2.00,,,,,,,,,,,0.00,100.00,0.00,SCALP_15M
208,XAIUSDT,15m,pinbar_sell,0.02160000,0.02195007,0.02089987,0.02195007,SL_HIT,SHORT,2025-11-03 17:00:19.248502,2025-11-03 17:22:01.021,2442,0.02089987,0.02089987,0.02195007,100.00,100.00,f,f,SL_HIT,-1.0000,-1.6207,0.00040022,0.00000000,,,,,,,,,,,,,,,,,,,,,,,,,,,,,2.00,2.00,2.00,,,,,,,,,,,0.00,100.00,0.00,SCALP_15M
203,AEVOUSDT,15m,pinbar_sell,0.05160000,0.05228847,0.05022307,0.05228847,SL_HIT,SHORT,2025-11-03 17:00:10.983404,2025-11-03 17:22:01.608,2437,0.05022307,0.05022307,0.05228847,100.00,100.00,f,f,SL_HIT,-1.0000,-1.3342,0.00099489,0.00000000,,,,,,,,,,,,,,,,,,,,,,,,,,,,,2.00,2.00,2.00,,,,,,,,,,,0.00,100.00,0.00,SCALP_15M
205,TRBUSDT,15m,pinbar_sell,22.85500000,23.28050531,22.00398938,23.28050531,SL_HIT,SHORT,2025-11-03 17:00:13.920135,2025-11-03 17:22:02.152,2439,22.00398938,22.00398938,23.28050531,100.00,100.00,f,f,SL_HIT,-1.0000,-1.8618,0.46168436,0.00000000,,,,,,,,,,,,,,,,,,,,,,,,,,,,,2.00,2.00,2.00,,,,,,,,,,,0.00,100.00,0.00,SCALP_15M
223,LTCUSDT,15m,pinbar_sell,88.77000000,89.90333069,86.50333863,89.90333069,SL_HIT,SHORT,2025-11-03 17:30:23.73808,2025-11-03 18:00:12.503,2464,86.50333863,86.50333863,89.90333069,100.00,100.00,f,f,SL_HIT,-1.0000,-1.2767,0.97776895,0.00000000,,,,,,,,,,,,,,,,,,,,,,,,,,,,,2.00,2.00,2.00,,,,,,,,,,,0.00,100.00,0.00,SCALP_15M
253,LISTAUSDT,15m,pinbar_sell,0.23480000,0.23980325,0.22479349,0.23980325,SL_HIT,SHORT,2025-11-03 17:30:32.194394,2025-11-03 18:10:19.726,,0.22479349,0.22479349,0.23980325,100.00,100.00,f,f,SL_HIT,-1.0000,-2.1309,0.00401085,0.00000000,,,,,,,,,,,,,,,,,,,,,,,,,,,,,2.00,2.00,2.00,,,,,,,,,,,0.00,100.00,0.00,SCALP_15M
229,FXSUSDT,15m,pinbar_sell,1.22710000,1.25355376,1.17419248,1.25355376,SL_HIT,SHORT,2025-11-03 17:30:28.542384,2025-11-03 21:23:10.2,,1.17419248,1.17419248,1.25355376,100.00,100.00,f,f,SL_HIT,-1.0000,-2.1558,0.01951253,0.00000000,,,,,,,,,,,,,,,,,,,,,,,,,,,,,2.00,2.00,2.00,,,,,,,,,,,0.00,100.00,0.00,SCALP_15M
228,ENSOUSDT,15m,fakey_sell,1.07200000,1.10989977,1.00378041,1.10989977,SL_HIT,SHORT,2025-11-03 17:30:28.476132,2025-11-04 01:19:08.174,2468,1.00378041,1.00378041,1.10989977,100.00,100.00,f,f,SL_HIT,-1.0000,-3.5354,0.02633258,0.00000000,,,,,,,,,,,,,,,,,,,,,,,,,,,,,1.80,1.80,1.80,,,,,,,,,,,0.00,100.00,0.00,SCALP_15M
215,SCRUSDT,15m,pinbar_sell,0.15690000,0.15979567,0.15110865,0.15979567,SL_HIT,SHORT,2025-11-03 17:30:12.249907,2025-11-03 17:39:03.825,2455,0.15110865,0.15110865,0.15979567,100.00,100.00,f,f,SL_HIT,-1.0000,-1.8456,0.00331891,0.00000000,,,,,,,,,,,,,,,,,,,,,,,,,,,,,2.00,2.00,2.00,,,,,,,,,,,0.00,100.00,0.00,SCALP_15M
246,XAIUSDT,15m,pinbar_sell,0.02170000,0.02220762,0.02068475,0.02220762,SL_HIT,SHORT,2025-11-03 17:30:31.239389,2025-11-03 17:59:25.207,,0.02068475,0.02068475,0.02220762,100.00,100.00,f,f,SL_HIT,-1.0000,-2.3393,0.00039208,0.00000000,,,,,,,,,,,,,,,,,,,,,,,,,,,,,2.00,2.00,2.00,,,,,,,,,,,0.00,100.00,0.00,SCALP_15M
285,MIRAUSDT,15m,pinbar_sell,0.21770000,0.22039554,0.21230893,0.22039554,SL_HIT,SHORT,2025-11-03 23:00:17.965611,2025-11-04 00:37:15.661,2517,0.21230893,0.21230893,0.22039554,100.00,100.00,f,f,SL_HIT,-1.0000,-1.2382,0.00265179,0.00000000,,,,,,,,,,,,,,,,,,,,,,,,,,,,,2.00,2.00,2.00,,,,,,,,,,,0.00,100.00,0.00,SCALP_15M
277,ENJUSDT,15m,pinbar_sell,0.03803000,0.03844887,0.03719227,0.03844887,SL_HIT,SHORT,2025-11-03 23:00:12.57799,2025-11-03 23:39:15.879,2509,0.03719227,0.03719227,0.03844887,100.00,100.00,f,f,SL_HIT,-1.0000,-1.1014,0.00042955,0.00000000,,,,,,,,,,,,,,,,,,,,,,,,,,,,,2.00,2.00,2.00,,,,,,,,,,,0.00,100.00,0.00,SCALP_15M
242,AUCTIONUSDT,15m,pinbar_sell,6.34700000,6.47836643,6.08426715,6.47836643,SL_HIT,SHORT,2025-11-03 17:30:30.788792,2025-11-03 23:29:10.759,,6.08426715,6.08426715,6.47836643,100.00,100.00,f,f,SL_HIT,-1.0000,-2.0697,0.09122142,0.00000000,,,,,,,,,,,,,,,,,,,,,,,,,,,,,2.00,2.00,2.00,,,,,,,,,,,0.00,100.00,0.00,SCALP_15M
271,KITEUSDT,15m,pinbar_sell,0.07480000,0.07867187,0.06783063,0.07867187,SL_HIT,SHORT,2025-11-03 21:45:12.434303,2025-11-03 22:20:21.904,2500,0.06783063,0.06783063,0.07867187,100.00,100.00,f,f,SL_HIT,-1.0000,-5.1763,0.00390625,0.00000000,,,,,,,,,,,,,,,,,,,,,,,,,,,,,1.80,1.80,1.80,,,,,,,,,,,0.00,100.00,0.00,SCALP_15M
280,SHELLUSDT,15m,pinbar_sell,0.10240000,0.10388819,0.09942361,0.10388819,SL_HIT,SHORT,2025-11-03 23:00:13.47914,2025-11-04 00:00:18.414,2512,0.09942361,0.09942361,0.10388819,100.00,100.00,f,f,SL_HIT,-1.0000,-1.4533,0.00162732,0.00000000,,,,,,,,,,,,,,,,,,,,,,,,,,,,,2.00,2.00,2.00,,,,,,,,,,,0.00,100.00,0.00,SCALP_15M
269,BELUSDT,15m,pinbar_sell,0.18610000,0.18942181,0.17945639,0.18942181,SL_HIT,SHORT,2025-11-03 21:15:16.115631,2025-11-03 22:52:17.676,2493,0.17945639,0.17945639,0.18942181,100.00,100.00,f,f,SL_HIT,-1.0000,-1.7850,0.00273935,0.00000000,,,,,,,,,,,,,,,,,,,,,,,,,,,,,2.00,2.00,2.00,,,,,,,,,,,0.00,100.00,0.00,SCALP_15M
268,OPENUSDT,15m,pinbar_sell,0.29060000,0.29538181,0.28103638,0.29538181,SL_HIT,SHORT,2025-11-03 21:15:14.464139,2025-11-03 23:35:17.235,2492,0.28103638,0.28103638,0.29538181,100.00,100.00,f,f,SL_HIT,-1.0000,-1.6455,0.00393936,0.00000000,,,,,,,,,,,,,,,,,,,,,,,,,,,,,2.00,2.00,2.00,,,,,,,,,,,0.00,100.00,0.00,SCALP_15M
278,BLURUSDT,15m,pinbar_sell,0.04191000,0.04234764,0.04103472,0.04234764,SL_HIT,SHORT,2025-11-03 23:00:12.585603,2025-11-03 23:40:16.682,2511,0.04103472,0.04103472,0.04234764,100.00,100.00,f,f,SL_HIT,-1.0000,-1.0442,0.00045880,0.00000000,,,,,,,,,,,,,,,,,,,,,,,,,,,,,2.00,2.00,2.00,,,,,,,,,,,0.00,100.00,0.00,SCALP_15M
282,MUBARAKUSDT,15m,pinbar_sell,0.01642000,0.01670437,0.01585125,0.01670437,SL_HIT,SHORT,2025-11-03 23:00:13.509607,2025-11-03 23:40:18.684,2514,0.01585125,0.01585125,0.01670437,100.00,100.00,f,f,SL_HIT,-1.0000,-1.7319,0.00024792,0.00000000,,,,,,,,,,,,,,,,,,,,,,,,,,,,,2.00,2.00,2.00,,,,,,,,,,,0.00,100.00,0.00,SCALP_15M
272,KDAUSDT,15m,pinbar_sell,0.03488000,0.03586483,0.03291034,0.03586483,SL_HIT,SHORT,2025-11-03 22:15:16.387287,2025-11-04 00:37:14.552,2501,0.03291034,0.03291034,0.03586483,100.00,100.00,f,f,SL_HIT,-1.0000,-2.8235,0.00104943,0.00000000,,,,,,,,,,,,,,,,,,,,,,,,,,,,,2.00,2.00,2.00,,,,,,,,,,,0.00,100.00,0.00,SCALP_15M
283,THETAUSDT,15m,pinbar_sell,0.42040000,0.42385473,0.41349055,0.42385473,SL_HIT,SHORT,2025-11-03 23:00:17.003508,2025-11-03 23:40:19.233,2515,0.41349055,0.41349055,0.42385473,100.00,100.00,f,f,SL_HIT,-1.0000,-0.8218,0.00451575,0.00000000,,,,,,,,,,,,,,,,,,,,,,,,,,,,,2.00,2.00,2.00,,,,,,,,,,,0.00,100.00,0.00,SCALP_15M
281,BERAUSDT,15m,pinbar_sell,1.58000000,1.59946492,1.54107016,1.59946492,SL_HIT,SHORT,2025-11-03 23:00:13.482645,2025-11-04 00:15:18.275,2513,1.54107016,1.54107016,1.59946492,100.00,100.00,f,f,SL_HIT,-1.0000,-1.2320,0.01821639,0.00000000,,,,,,,,,,,,,,,,,,,,,,,,,,,,,2.00,2.00,2.00,,,,,,,,,,,0.00,100.00,0.00,SCALP_15M
284,GALAUSDT,15m,pinbar_sell,0.00875000,0.00887540,0.00849921,0.00887540,SL_HIT,SHORT,2025-11-03 23:00:17.500317,2025-11-04 00:34:15.972,2516,0.00849921,0.00849921,0.00887540,100.00,100.00,f,f,SL_HIT,-1.0000,-1.4331,0.00011799,0.00000000,,,,,,,,,,,,,,,,,,,,,,,,,,,,,2.00,2.00,2.00,,,,,,,,,,,0.00,100.00,0.00,SCALP_15M
274,ETHFIUSDT,15m,pinbar_sell,0.85430000,0.86684323,0.82921353,0.86684323,SL_HIT,SHORT,2025-11-03 22:30:15.286238,2025-11-03 23:41:15.435,2504,0.82921353,0.82921353,0.86684323,100.00,100.00,f,f,SL_HIT,-1.0000,-1.4682,0.01281078,0.00000000,,,,,,,,,,,,,,,,,,,,,,,,,,,,,2.00,2.00,2.00,,,,,,,,,,,0.00,100.00,0.00,SCALP_15M
279,币安人生USDT,15m,pinbar_sell,0.14754000,0.15283616,0.13800690,0.15283616,SL_HIT,SHORT,2025-11-03 23:00:12.590934,2025-11-04 00:36:15.94,2510,0.13800690,0.13800690,0.15283616,100.00,100.00,f,f,SL_HIT,-1.0000,-3.5896,0.00455388,0.00000000,,,,,,,,,,,,,,,,,,,,,,,,,,,,,1.80,1.80,1.80,,,,,,,,,,,0.00,100.00,0.00,SCALP_15M
262,PROVEUSDT,15m,pinbar_sell,0.59190000,0.60366552,0.56836896,0.60366552,SL_HIT,SHORT,2025-11-03 17:30:33.118292,2025-11-04 00:41:13.644,,0.56836896,0.56836896,0.60366552,100.00,100.00,f,f,SL_HIT,-1.0000,-1.9878,0.00921839,0.00000000,,,,,,,,,,,,,,,,,,,,,,,,,,,,,2.00,2.00,2.00,,,,,,,,,,,0.00,100.00,0.00,SCALP_15M
273,1000SATSUSDT,15m,pinbar_sell,0.00001900,0.00001930,0.00001840,0.00001930,SL_HIT,SHORT,2025-11-03 22:15:17.783748,2025-11-03 23:26:17.252,2502,0.00001840,0.00001840,0.00001930,100.00,100.00,f,f,SL_HIT,-1.0000,-1.5789,0.00000033,0.00000000,,,,,,,,,,,,,,,,,,,,,,,,,,,,,2.00,2.00,2.00,,,,,,,,,,,0.00,100.00,0.00,SCALP_15M
275,2ZUSDT,15m,pinbar_sell,0.15696000,0.15972748,0.15142503,0.15972748,SL_HIT,SHORT,2025-11-03 23:00:11.03162,2025-11-03 23:29:16.456,2507,0.15142503,0.15142503,0.15972748,100.00,100.00,f,f,SL_HIT,-1.0000,-1.7632,0.00222495,0.00000000,,,,,,,,,,,,,,,,,,,,,,,,,,,,,2.00,2.00,2.00,,,,,,,,,,,0.00,100.00,0.00,SCALP_15M
286,OPUSDT,15m,pinbar_sell,0.34870000,0.35364840,0.33880320,0.35364840,SL_HIT,SHORT,2025-11-03 23:00:24.678603,2025-11-03 23:34:22.297,2518,0.33880320,0.33880320,0.35364840,100.00,100.00,f,f,SL_HIT,-1.0000,-1.4191,0.00449467,0.00000000,,,,,,,,,,,,,,,,,,,,,,,,,,,,,2.00,2.00,2.00,,,,,,,,,,,0.00,100.00,0.00,SCALP_15M
276,BELUSDT,15m,pinbar_sell,0.18780000,0.19036591,0.18266818,0.19036591,SL_HIT,SHORT,2025-11-03 23:00:12.344488,2025-11-03 23:35:18.769,2508,0.18266818,0.18266818,0.19036591,100.00,100.00,f,f,SL_HIT,-1.0000,-1.3663,0.00255303,0.00000000,,,,,,,,,,,,,,,,,,,,,,,,,,,,,2.00,2.00,2.00,,,,,,,,,,,0.00,100.00,0.00,SCALP_15M
288,OMUSDT,15m,pinbar_sell,0.09330000,0.09469865,0.09050270,0.09469865,SL_HIT,SHORT,2025-11-03 23:00:26.653765,2025-11-04 00:36:17.967,2520,0.09050270,0.09050270,0.09469865,100.00,100.00,f,f,SL_HIT,-1.0000,-1.4991,0.00116216,0.00000000,,,,,,,,,,,,,,,,,,,,,,,,,,,,,2.00,2.00,2.00,,,,,,,,,,,0.00,100.00,0.00,SCALP_15M
287,VANAUSDT,15m,pinbar_sell,2.69000000,2.73076150,2.60847701,2.73076150,SL_HIT,SHORT,2025-11-03 23:00:24.708607,2025-11-04 00:40:15.731,2519,2.60847701,2.60847701,2.73076150,100.00,100.00,f,f,SL_HIT,-1.0000,-1.5153,0.03253832,0.00000000,,,,,,,,,,,,,,,,,,,,,,,,,,,,,2.00,2.00,2.00,,,,,,,,,,,0.00,100.00,0.00,SCALP_15M
256,MANAUSDT,15m,pinbar_sell,0.20870000,0.21277041,0.20055918,0.21277041,SL_HIT,SHORT,2025-11-03 17:30:32.448016,2025-11-04 01:39:11.709,,0.20055918,0.20055918,0.21277041,100.00,100.00,f,f,SL_HIT,-1.0000,-1.9504,0.00290137,0.00000000,,,,,,,,,,,,,,,,,,,,,,,,,,,,,2.00,2.00,2.00,,,,,,,,,,,0.00,100.00,0.00,SCALP_15M
