id,symbol,timeframe,direction,pattern_type,entry_price,sl_price,tp1_price,tp2_price,tp3_price,exit_type,status,pnl_r,pnl_percent,context_trend_before,context_was_reversal,context_swing_count_20,context_recent_direction,context_distance_from_ema,pattern_score,trend_alignment,clearance_15m,post_sl_outcome,post_sl_max_favorable_r,post_sl_time_to_tp_min,mfe_r,mae_r,signal_time,time_to_sl_min,atr_15m,free_path_r,clearance_1h,r_available,actual_rr_tp1,actual_rr_tp2,actual_rr_tp3,multi_tf_alignment,confluence_score
355,SCRTUSDT,15m,LONG,pinbar_buy,0.20570000,0.19728731,0.22084284,0.22084284,0.22084284,TP2_HIT,TP2_HIT,1.8000,7.3616,uptrend,f,7,bullish,0.3143,65.00,with,0.00670000,,,,1.5572,-0.1308,2025-11-04 20:30:18.782531,,0.00570896,,0.00000000,,1.80,1.80,1.80,f,
351,LINKUSDT,15m,SHORT,pinbar_sell,14.55500000,14.77793648,14.10912705,14.10912705,14.10912705,TP2_HIT,TP2_HIT,2.0000,3.0634,downtrend,f,5,choppy,-0.9568,50.00,with,0.15500000,,,,2.0275,0.0000,2025-11-04 19:30:13.622284,,0.22645492,,0.00000000,,2.00,2.00,2.00,f,
350,HANAUSDT,15m,SHORT,pinbar_sell,0.02283000,0.02327164,0.02194672,0.02194672,0.02194672,TP2_HIT,TP2_HIT,2.0000,3.8689,downtrend,f,5,choppy,-0.1763,50.00,with,0.00029000,,,,2.6492,-0.8831,2025-11-04 19:30:12.026987,,0.00050547,,0.00000000,,2.00,2.00,2.00,f,
348,AIAUSDT,15m,LONG,fakey_buy,2.44090000,2.18072206,2.90922029,2.90922029,2.90922029,TP2_HIT,TP2_HIT,1.8000,19.1864,uptrend,t,9,bearish,6.7558,50.00,with,0.20580000,,,,1.7069,-0.5112,2025-11-04 19:15:11.765579,,0.18125979,,0.00000000,,1.80,1.80,1.80,f,
347,TAOUSDT,15m,SHORT,pinbar_sell,406.57000000,415.50937446,388.69125108,388.69125108,388.69125108,TP2_HIT,TP2_HIT,2.0000,4.3975,downtrend,f,5,bearish,-0.3623,80.00,with,6.52000000,,,,1.9330,-0.2685,2025-11-04 17:45:12.198096,,8.06458154,,0.00000000,,2.00,2.00,2.00,f,
328,LISTAUSDT,15m,SHORT,pinbar_sell,0.23270000,0.23685085,0.22439831,0.22439831,0.22439831,TP2_HIT,TP2_HIT,2.0000,3.5676,downtrend,f,7,bullish,0.0234,65.00,with,0.00340000,,,,1.9755,0.0000,2025-11-04 11:30:16.324018,,0.00250282,,0.00000000,,2.00,2.00,2.00,f,
320,WIFUSDT,15m,SHORT,pinbar_sell,0.42200000,0.42939513,0.40720973,0.40720973,0.40720973,TP2_HIT,TP2_HIT,2.0000,3.5048,downtrend,f,7,choppy,-0.5242,65.00,with,0.00550000,,,,1.9607,-0.5274,2025-11-04 08:45:21.317936,,0.00631711,,0.00000000,,2.00,2.00,2.00,f,
319,ZROUSDT,15m,SHORT,pinbar_sell,1.39910000,1.41923028,1.35883944,1.35883944,1.35883944,TP2_HIT,TP2_HIT,2.0000,2.8776,downtrend,f,8,bearish,-0.1562,65.00,with,0.01440000,,,,2.0715,-0.8693,2025-11-04 08:45:20.368055,,0.01910093,,0.00000000,,2.00,2.00,2.00,f,
316,EULUSDT,15m,SHORT,pinbar_sell,7.19700000,7.33751343,6.91597313,6.91597313,6.91597313,TP2_HIT,TP2_HIT,2.0000,3.9048,downtrend,f,6,bearish,0.0266,65.00,with,0.19000000,,,,2.1279,0.0000,2025-11-04 08:45:14.280475,,0.09504478,,0.00000000,,2.00,2.00,2.00,f,
312,BIOUSDT,15m,SHORT,pinbar_sell,0.07435000,0.07563338,0.07178324,0.07178324,0.07178324,TP2_HIT,TP2_HIT,2.0000,3.4523,downtrend,t,5,bullish,-0.1744,50.00,with,0.00098000,,,,1.9636,-0.8026,2025-11-04 08:45:11.891384,,0.00101127,,0.00000000,,2.00,2.00,2.00,f,
308,SNXUSDT,15m,SHORT,pinbar_sell,0.89100000,0.91333664,0.84632671,0.84632671,0.84632671,TP2_HIT,TP2_HIT,2.0000,5.0138,downtrend,f,8,bearish,-0.3538,80.00,with,0.01800000,,,,1.8355,-0.4029,2025-11-04 06:30:15.792644,,0.01445548,,0.00000000,,2.00,2.00,2.00,f,
307,LAUSDT,15m,SHORT,pinbar_sell,0.35020000,0.35860172,0.33339655,0.33339655,0.33339655,TP2_HIT,TP2_HIT,2.0000,4.7982,uptrend,t,7,bearish,-0.0719,80.00,against,0.00420000,,,,1.9758,-0.6308,2025-11-04 06:30:15.725429,,0.00567241,,0.00000000,,2.00,2.00,2.00,f,
306,EDENUSDT,15m,SHORT,pinbar_sell,0.10790000,0.11143963,0.10152867,0.10152867,0.10152867,TP2_HIT,TP2_HIT,1.8000,5.9049,sideways,f,8,bearish,-0.0874,80.00,neutral,0.00280000,,,,1.7798,-0.7345,2025-11-04 06:30:12.615475,,0.00179876,,0.00000000,,1.80,1.80,1.80,f,
299,ATOMUSDT,15m,SHORT,fakey_sell,2.51800000,2.54512320,2.46375361,2.46375361,2.46375361,TP2_HIT,TP2_HIT,2.0000,2.1543,downtrend,f,13,choppy,-0.1212,65.00,with,0.02100000,,,,1.8803,-0.6636,2025-11-04 04:15:20.28449,,0.02041065,,0.00000000,,2.00,2.00,2.00,f,
292,ZECUSDT,15m,LONG,pinbar_buy,433.58000000,409.27805696,477.32349748,477.32349748,477.32349748,TP2_HIT,TP2_HIT,1.8000,10.0889,uptrend,t,9,bullish,3.1934,6.00,with,11.25000000,,,,1.7846,-0.2136,2025-11-04 01:00:20.29026,,9.13981014,,,,1.80,1.80,1.80,,
291,ZBTUSDT,15m,SHORT,pinbar_sell,0.16430000,0.16795580,0.15698841,0.15698841,0.15698841,TP2_HIT,TP2_HIT,2.0000,4.4502,downtrend,f,11,bearish,-0.7360,5.00,with,,,,,1.8874,-0.6838,2025-11-04 00:15:11.835918,,0.00218598,,,,2.00,2.00,2.00,,
290,42USDT,15m,SHORT,pinbar_sell,0.08458000,0.08636025,0.08101949,0.08101949,0.08101949,TP2_HIT,TP2_HIT,2.0000,4.2096,downtrend,f,10,choppy,-1.9221,6.00,with,,,,,1.5840,0.0000,2025-11-03 23:45:13.747441,,0.00186752,,,,2.00,2.00,2.00,,
270,XVGUSDT,15m,LONG,fakey_buy,0.00737400,0.00705090,0.00795557,0.00795557,0.00795557,TP2_HIT,TP2_HIT,1.8000,7.8869,uptrend,f,7,choppy,2.7484,5.00,with,,,,,1.8230,0.0000,2025-11-03 21:30:18.350827,,0.00018365,,,,1.80,1.80,1.80,,
267,MAVIAUSDT,15m,SHORT,pinbar_sell,0.08625000,0.08790764,0.08293472,0.08293472,0.08293472,TP2_HIT,TP2_HIT,2.0000,3.8438,downtrend,f,7,choppy,-0.5549,8.00,with,,,,,1.4961,-0.3680,2025-11-03 18:15:16.740604,,0.00149213,,,,2.00,2.00,2.00,,
266,1000SATSUSDT,15m,SHORT,engulfing_sell,0.00001960,0.00002013,0.00001853,0.00001853,0.00001853,TP2_HIT,TP2_HIT,2.0000,5.4082,downtrend,f,4,choppy,-1.6123,5.00,with,0.00000200,,,,0.7547,-0.5660,2025-11-03 18:15:12.927699,,0.00000044,,,,2.00,2.00,2.00,,
265,HOLOUSDT,15m,SHORT,pinbar_sell,0.11040000,0.11281020,0.10557960,0.10557960,0.10557960,TP2_HIT,TP2_HIT,2.0000,4.3663,downtrend,f,10,choppy,-1.8138,6.00,with,,,,,1.7841,-0.2489,2025-11-03 17:30:33.613141,,0.00203400,,,,2.00,2.00,2.00,,
264,POPCATUSDT,15m,SHORT,pinbar_sell,0.12620000,0.12962968,0.11934064,0.11934064,0.11934064,TP2_HIT,TP2_HIT,2.0000,5.4353,downtrend,f,11,choppy,-2.0200,7.00,with,,,,,2.0118,-0.2916,2025-11-03 17:30:33.564124,,0.00243227,,,,2.00,2.00,2.00,,
263,CHZUSDT,15m,SHORT,pinbar_sell,0.02910000,0.02952844,0.02824312,0.02824312,0.02824312,TP2_HIT,TP2_HIT,2.0000,2.9446,downtrend,t,12,bullish,-0.6317,6.00,with,,,,,2.0540,-0.6069,2025-11-03 17:30:33.12177,,0.00036146,,,,2.00,2.00,2.00,,
260,RUNEUSDT,15m,SHORT,pinbar_sell,0.79400000,0.80479400,0.77241200,0.77241200,0.77241200,TP2_HIT,TP2_HIT,2.0000,2.7189,downtrend,t,8,bullish,-0.5896,7.00,with,,,,,2.1308,-0.1853,2025-11-03 17:30:32.959502,,0.00931333,,,,2.00,2.00,2.00,,
259,ASTERUSDT,15m,SHORT,pinbar_sell,0.96940000,0.99076695,0.92666610,0.92666610,0.92666610,TP2_HIT,TP2_HIT,2.0000,4.4083,downtrend,t,12,bullish,-0.4863,8.00,with,0.01680000,,,,5.8970,0.0000,2025-11-03 17:30:32.522751,,0.02288984,,,,2.00,2.00,2.00,,
258,TWTUSDT,15m,SHORT,pinbar_sell,1.16630000,1.18528116,1.12833769,1.12833769,1.12833769,TP2_HIT,TP2_HIT,2.0000,3.2549,downtrend,f,8,bullish,-0.8472,5.00,with,,,,,2.1337,-0.2950,2025-11-03 17:30:32.494344,,0.01560385,,,,2.00,2.00,2.00,,
257,LINKUSDT,15m,SHORT,pinbar_sell,15.58900000,15.91969539,14.92760921,14.92760921,14.92760921,TP2_HIT,TP2_HIT,2.0000,4.2427,downtrend,f,8,choppy,-0.8697,6.00,with,,,,,1.9746,0.0000,2025-11-03 17:30:32.475184,,0.23231798,,,,2.00,2.00,2.00,,
255,ARUSDT,15m,SHORT,pinbar_sell,3.84600000,3.95077458,3.63645084,3.63645084,3.63645084,TP2_HIT,TP2_HIT,2.0000,5.4485,downtrend,f,11,choppy,-0.0464,8.00,with,0.25200000,,,,2.0138,-1.7848,2025-11-03 17:30:32.440948,,0.06924860,,,,2.00,2.00,2.00,,
254,IOTAUSDT,15m,SHORT,pinbar_sell,0.12840000,0.13116473,0.12287054,0.12287054,0.12287054,TP2_HIT,TP2_HIT,2.0000,4.3064,downtrend,t,12,choppy,-1.3526,6.00,with,,,,,1.9532,-0.5425,2025-11-03 17:30:32.384338,,0.00188243,,,,2.00,2.00,2.00,,
252,FILUSDT,15m,SHORT,pinbar_sell,1.48700000,1.52097043,1.41905914,1.41905914,1.41905914,TP2_HIT,TP2_HIT,2.0000,4.5690,downtrend,f,8,bearish,-1.3447,9.00,with,,,,,1.9134,-0.0294,2025-11-03 17:30:31.834299,,0.02323476,,,,2.00,2.00,2.00,,
251,TIAUSDT,15m,SHORT,pinbar_sell,0.83580000,0.85518176,0.79703648,0.79703648,0.79703648,TP2_HIT,TP2_HIT,2.0000,4.6379,downtrend,f,10,choppy,-1.6684,6.00,with,,,,,1.9400,0.0000,2025-11-03 17:30:31.731535,,0.01360586,,,,2.00,2.00,2.00,,
249,GALAUSDT,15m,SHORT,pinbar_sell,0.00904000,0.00924974,0.00862052,0.00862052,0.00862052,TP2_HIT,TP2_HIT,2.0000,4.6403,downtrend,t,10,bullish,-1.5901,4.00,with,,,,,1.7641,0.0000,2025-11-03 17:30:31.632179,,0.00016580,,,,2.00,2.00,2.00,,
248,1000FLOKIUSDT,15m,SHORT,pinbar_sell,0.06171000,0.06293991,0.05925019,0.05925019,0.05925019,TP2_HIT,TP2_HIT,2.0000,3.9861,downtrend,f,11,choppy,-0.8005,6.00,with,,,,,1.8131,-0.0732,2025-11-03 17:30:31.282155,,0.00093302,,,,2.00,2.00,2.00,,
247,RAYSOLUSDT,15m,SHORT,pinbar_sell,1.46860000,1.49992033,1.40595935,1.40595935,1.40595935,TP2_HIT,TP2_HIT,2.0000,4.2653,downtrend,f,11,bullish,-0.6840,9.00,with,,,,,2.3276,0.0000,2025-11-03 17:30:31.277201,,0.02240108,,,,2.00,2.00,2.00,,
244,SOPHUSDT,15m,SHORT,pinbar_sell,0.02304900,0.02345528,0.02223644,0.02223644,0.02223644,TP2_HIT,TP2_HIT,2.0000,3.5254,downtrend,t,10,bullish,-1.0221,6.00,with,,,,,2.0282,0.0000,2025-11-03 17:30:31.145395,,0.00029427,,,,2.00,2.00,2.00,,
243,TURBOUSDT,15m,SHORT,pinbar_sell,0.00194240,0.00198897,0.00184927,0.00184927,0.00184927,TP2_HIT,TP2_HIT,2.0000,4.7951,downtrend,f,11,bullish,-0.7931,6.00,with,,,,,2.1022,0.0000,2025-11-03 17:30:30.792898,,0.00003522,,,,2.00,2.00,2.00,,
240,RENDERUSDT,15m,SHORT,pinbar_sell,2.04800000,2.09121717,1.96156566,1.96156566,1.96156566,TP2_HIT,TP2_HIT,2.0000,4.2204,downtrend,f,8,bullish,-0.8663,5.00,with,,,,,1.9205,0.0000,2025-11-03 17:30:30.73864,,0.03072390,,,,2.00,2.00,2.00,,
238,SPKUSDT,15m,SHORT,pinbar_sell,0.03133000,0.03206169,0.02986662,0.02986662,0.02986662,TP2_HIT,TP2_HIT,2.0000,4.6709,downtrend,t,9,bullish,-1.5643,6.00,with,,,,,1.9954,-0.1913,2025-11-03 17:30:30.632895,,0.00050563,,,,2.00,2.00,2.00,,
237,NEIROUSDT,15m,SHORT,pinbar_sell,0.00015840,0.00016242,0.00015036,0.00015036,0.00015036,TP2_HIT,TP2_HIT,2.0000,5.0758,downtrend,f,10,choppy,-2.0586,6.00,with,,,,,2.1891,0.0000,2025-11-03 17:30:30.235721,,0.00000307,,,,2.00,2.00,2.00,,
236,AXSUSDT,15m,SHORT,pinbar_sell,1.27500000,1.30285486,1.21929029,1.21929029,1.21929029,TP2_HIT,TP2_HIT,2.0000,4.3694,downtrend,f,9,bullish,-1.2809,5.00,with,,,,,2.0822,-0.3231,2025-11-03 17:30:30.229355,,0.01951619,,,,2.00,2.00,2.00,,
235,IOUSDT,15m,SHORT,pinbar_sell,0.27180000,0.27831043,0.25877915,0.25877915,0.25877915,TP2_HIT,TP2_HIT,2.0000,4.7906,downtrend,t,12,bullish,-1.3091,7.00,with,,,,,1.9661,-0.3226,2025-11-03 17:30:30.2112,,0.00503475,,,,2.00,2.00,2.00,,
233,MELANIAUSDT,15m,SHORT,pinbar_sell,0.10120000,0.10333864,0.09692272,0.09692272,0.09692272,TP2_HIT,TP2_HIT,2.0000,4.2266,downtrend,f,9,choppy,-2.0176,7.00,with,,,,,1.8236,-0.2806,2025-11-03 17:30:29.676573,,0.00179547,,,,2.00,2.00,2.00,,
232,PENDLEUSDT,15m,SHORT,pinbar_sell,2.73690000,2.80403561,2.60262879,2.60262879,2.60262879,TP2_HIT,TP2_HIT,2.0000,4.9060,downtrend,f,9,choppy,-0.6204,5.00,with,0.00380000,,,,1.8887,-0.5332,2025-11-03 17:30:29.659163,,0.04478536,,,,2.00,2.00,2.00,,
231,ETHFIUSDT,15m,SHORT,pinbar_sell,0.89620000,0.92090739,0.84678522,0.84678522,0.84678522,TP2_HIT,TP2_HIT,2.0000,5.5138,downtrend,t,12,bullish,-1.2869,7.00,with,,,,,2.2463,0.0000,2025-11-03 17:30:29.655319,,0.01735797,,,,2.00,2.00,2.00,,
230,IMXUSDT,15m,SHORT,pinbar_sell,0.44950000,0.45894123,0.43061754,0.43061754,0.43061754,TP2_HIT,TP2_HIT,2.0000,4.2008,downtrend,t,9,bullish,-1.1432,5.00,with,,,,,1.7159,-0.4025,2025-11-03 17:30:29.649621,,0.00747076,,,,2.00,2.00,2.00,,
227,PLUMEUSDT,15m,SHORT,pinbar_sell,0.05585000,0.05708958,0.05337083,0.05337083,0.05337083,TP2_HIT,TP2_HIT,2.0000,4.4390,downtrend,f,10,bearish,-2.2844,7.00,with,,,,,2.0733,0.0000,2025-11-03 17:30:23.819609,,0.00089861,,,,2.00,2.00,2.00,,
226,TONUSDT,15m,SHORT,pinbar_sell,2.09320000,2.12589719,2.02780561,2.02780561,2.02780561,TP2_HIT,TP2_HIT,2.0000,3.1241,downtrend,t,12,bullish,-1.3152,7.00,with,,,,,3.1257,0.0000,2025-11-03 17:30:23.780082,,0.02365731,,,,2.00,2.00,2.00,,
225,ZBTUSDT,15m,SHORT,pinbar_sell,0.17070000,0.17472728,0.16264545,0.16264545,0.16264545,TP2_HIT,TP2_HIT,2.0000,4.7185,downtrend,f,12,choppy,-2.4603,5.00,with,,,,,2.3341,0.0000,2025-11-03 17:30:23.751937,,0.00375758,,,,2.00,2.00,2.00,,
224,BOMEUSDT,15m,SHORT,pinbar_sell,0.00086300,0.00088276,0.00082347,0.00082347,0.00082347,TP2_HIT,TP2_HIT,2.0000,4.5794,downtrend,f,10,choppy,-1.1802,6.00,with,,,,,2.0749,-0.6073,2025-11-03 17:30:23.745511,,0.00001588,,,,2.00,2.00,2.00,,
222,KERNELUSDT,15m,SHORT,pinbar_sell,0.10360000,0.10573961,0.09932079,0.09932079,0.09932079,TP2_HIT,TP2_HIT,2.0000,4.1305,downtrend,f,9,choppy,-0.9623,8.00,with,,,,,1.9162,-4.2998,2025-11-03 17:30:23.259022,,0.00179869,,,,2.00,2.00,2.00,,
221,ADAUSDT,15m,SHORT,pinbar_sell,0.56270000,0.57096165,0.54617670,0.54617670,0.54617670,TP2_HIT,TP2_HIT,2.0000,2.9364,downtrend,t,9,bullish,-0.3489,7.00,with,,,,,2.1666,0.0000,2025-11-03 17:30:22.658305,,0.00687216,,,,2.00,2.00,2.00,,
220,NOTUSDT,15m,SHORT,pinbar_sell,0.00067030,0.00068602,0.00063885,0.00063885,0.00063885,TP2_HIT,TP2_HIT,2.0000,4.6904,downtrend,t,11,bullish,-2.1806,5.00,with,,,,,2.0992,-0.3817,2025-11-03 17:30:22.63617,,0.00001341,,,,2.00,2.00,2.00,,
219,MOODENGUSDT,15m,SHORT,pinbar_sell,0.08984000,0.09170191,0.08611619,0.08611619,0.08611619,TP2_HIT,TP2_HIT,2.0000,4.1449,downtrend,f,9,bullish,-1.2268,5.00,with,,,,,1.8476,0.0000,2025-11-03 17:30:16.89349,,0.00147302,,,,2.00,2.00,2.00,,
218,RSRUSDT,15m,SHORT,pinbar_sell,0.00479900,0.00490816,0.00458068,0.00458068,0.00458068,TP2_HIT,TP2_HIT,2.0000,4.5493,downtrend,t,8,bullish,-1.3084,8.00,with,,,,,2.0246,-0.6046,2025-11-03 17:30:16.88934,,0.00007719,,,,2.00,2.00,2.00,,
217,QTUMUSDT,15m,SHORT,pinbar_sell,1.74100000,1.77324984,1.67650032,1.67650032,1.67650032,TP2_HIT,TP2_HIT,2.0000,3.7047,downtrend,f,10,bullish,-0.9173,5.00,with,,,,,1.8295,-0.0930,2025-11-03 17:30:16.863081,,0.02083280,,,,2.00,2.00,2.00,,
216,STBLUSDT,15m,SHORT,fakey_sell,0.07213000,0.07522298,0.06656264,0.06656264,0.06656264,TP2_HIT,TP2_HIT,1.8000,7.7185,downtrend,f,10,bearish,-3.2200,8.00,with,,,,,1.8752,0.0000,2025-11-03 17:30:12.33732,,0.00200992,,,,1.80,1.80,1.80,,
214,WLDUSDT,15m,SHORT,pinbar_sell,0.74160000,0.75800091,0.70879818,0.70879818,0.70879818,TP2_HIT,TP2_HIT,2.0000,4.4231,downtrend,f,13,choppy,-1.9018,7.00,with,,,,,2.2133,0.0000,2025-11-03 17:30:12.202845,,0.01166970,,,,2.00,2.00,2.00,,
213,KASUSDT,15m,SHORT,pinbar_sell,0.04808000,0.04886683,0.04650634,0.04650634,0.04650634,TP2_HIT,TP2_HIT,2.0000,3.2730,downtrend,t,8,bullish,-0.0508,3.00,with,0.00024000,,,,2.5164,0.0000,2025-11-03 17:30:12.191615,,0.00065609,,,,2.00,2.00,2.00,,
210,ARKMUSDT,15m,SHORT,pinbar_sell,0.30380000,0.31079477,0.28981046,0.28981046,0.28981046,TP2_HIT,TP2_HIT,2.0000,4.6049,downtrend,f,10,bullish,-1.7064,5.00,with,,,,,1.7442,-0.3288,2025-11-03 17:30:11.046409,,0.00598257,,,,2.00,2.00,2.00,,
209,TREEUSDT,15m,SHORT,pinbar_sell,0.14820000,0.15106407,0.14247185,0.14247185,0.14247185,TP2_HIT,TP2_HIT,2.0000,3.8651,downtrend,f,11,choppy,-0.6507,4.00,with,,,,,2.4092,-0.2444,2025-11-03 17:30:11.021692,,0.00254691,,,,2.00,2.00,2.00,,
201,XTZUSDT,15m,SHORT,engulfing_sell,0.54600000,0.55539022,0.52721956,0.52721956,0.52721956,TP2_HIT,TP2_HIT,2.0000,3.4396,sideways,t,8,choppy,-0.1072,1.00,neutral,,,,,1.3844,0.0000,2025-11-03 15:15:15.284475,,0.00463407,,,,2.00,2.00,2.00,,
200,POLUSDT,15m,SHORT,pinbar_sell,0.18073000,0.18264441,0.17690118,0.17690118,0.17690118,TP2_HIT,TP2_HIT,2.0000,2.1185,downtrend,f,11,bearish,-0.0866,6.00,with,0.00103000,,,,5.7407,0.0000,2025-11-03 14:15:31.912624,,0.00128137,,,,2.00,2.00,2.00,,
199,LTCUSDT,15m,SHORT,pinbar_sell,92.08000000,92.91764992,90.40470016,90.40470016,90.40470016,TP2_HIT,TP2_HIT,2.0000,1.8194,downtrend,f,6,choppy,-0.1229,7.00,with,,,,,4.7753,0.0000,2025-11-03 14:15:31.904622,,0.55883307,,,,2.00,2.00,2.00,,
198,NEARUSDT,15m,SHORT,pinbar_sell,2.01100000,2.03744901,1.95810199,1.95810199,1.95810199,TP2_HIT,TP2_HIT,2.0000,2.6304,downtrend,f,8,choppy,-0.0126,4.00,with,,,,,3.7431,0.0000,2025-11-03 14:15:31.872199,,0.01816336,,,,2.00,2.00,2.00,,
197,PLUMEUSDT,15m,SHORT,pinbar_sell,0.05946000,0.06037064,0.05763872,0.05763872,0.05763872,TP2_HIT,TP2_HIT,2.0000,3.0630,downtrend,f,13,bearish,-0.0879,5.00,with,0.00273000,,,,5.2710,0.0000,2025-11-03 14:15:31.16829,,0.00060213,,,,2.00,2.00,2.00,,
196,API3USDT,15m,SHORT,fakey_sell,0.64040000,0.65221351,0.61677299,0.61677299,0.61677299,TP2_HIT,TP2_HIT,2.0000,3.6894,sideways,f,7,bearish,-0.5582,10.00,neutral,,,,,1.6591,0.0000,2025-11-03 14:15:31.142428,,0.00671169,,,,2.00,2.00,2.00,,
195,KSMUSDT,15m,SHORT,pinbar_sell,9.86400000,9.98087126,9.63025749,9.63025749,9.63025749,TP2_HIT,TP2_HIT,2.0000,2.3697,downtrend,f,7,bullish,-0.1124,5.00,with,0.18600000,,,,3.0461,0.0000,2025-11-03 14:15:31.064893,,0.09623752,,,,2.00,2.00,2.00,,
194,THETAUSDT,15m,SHORT,pinbar_sell,0.45220000,0.45906240,0.43847520,0.43847520,0.43847520,TP2_HIT,TP2_HIT,2.0000,3.0351,downtrend,f,10,bearish,-0.4303,5.00,with,0.00520000,,,,4.0073,0.0000,2025-11-03 14:15:30.492493,,0.00387467,,,,2.00,2.00,2.00,,
193,JASMYUSDT,15m,SHORT,pinbar_sell,0.00935700,0.00947654,0.00911793,0.00911793,0.00911793,TP2_HIT,TP2_HIT,2.0000,2.5551,downtrend,f,11,choppy,-0.0192,6.00,with,0.00002100,,,,2.6853,0.0000,2025-11-03 14:15:26.702664,,0.00008179,,,,2.00,2.00,2.00,,
192,MANAUSDT,15m,SHORT,pinbar_sell,0.21640000,0.21920573,0.21078854,0.21078854,0.21078854,TP2_HIT,TP2_HIT,2.0000,2.5931,downtrend,f,11,choppy,-0.0273,5.00,with,0.00250000,,,,2.1028,0.0000,2025-11-03 14:15:25.672301,,0.00168576,,,,2.00,2.00,2.00,,
191,APTUSDT,15m,SHORT,pinbar_sell,3.09220000,3.13281086,3.01097827,3.01097827,3.01097827,TP2_HIT,TP2_HIT,2.0000,2.6267,downtrend,f,11,bearish,-0.3527,6.00,with,0.02390000,,,,8.2318,0.0000,2025-11-03 14:15:25.627715,,0.02536954,,,,2.00,2.00,2.00,,
190,WALUSDT,15m,SHORT,pinbar_sell,0.21670000,0.21917905,0.21174189,0.21174189,0.21174189,TP2_HIT,TP2_HIT,2.0000,2.2880,downtrend,f,8,choppy,-0.3536,9.00,with,,,,,2.0572,0.0000,2025-11-03 14:15:25.071013,,0.00193018,,,,2.00,2.00,2.00,,
189,1000BONKUSDT,15m,SHORT,pinbar_sell,0.01295800,0.01314926,0.01257547,0.01257547,0.01257547,TP2_HIT,TP2_HIT,2.0000,2.9520,downtrend,f,10,bearish,-0.3566,6.00,with,0.00011300,,,,4.4651,0.0000,2025-11-03 14:15:25.043907,,0.00011755,,,,2.00,2.00,2.00,,
188,LDOUSDT,15m,SHORT,pinbar_sell,0.80540000,0.81556092,0.78507816,0.78507816,0.78507816,TP2_HIT,TP2_HIT,2.0000,2.5232,downtrend,f,9,choppy,0.0114,4.00,with,,,,,5.6983,0.0000,2025-11-03 14:15:18.345969,,0.00686974,,,,2.00,2.00,2.00,,
187,WIFUSDT,15m,SHORT,pinbar_sell,0.48840000,0.49512728,0.47494544,0.47494544,0.47494544,TP2_HIT,TP2_HIT,2.0000,2.7548,downtrend,f,7,choppy,-0.3354,4.00,with,,,,,6.3622,0.0000,2025-11-03 14:15:17.496781,,0.00475761,,,,2.00,2.00,2.00,,
186,ARKMUSDT,15m,SHORT,pinbar_sell,0.32180000,0.32795643,0.30948714,0.30948714,0.30948714,TP2_HIT,TP2_HIT,2.0000,3.8262,downtrend,f,8,choppy,-0.3597,5.00,with,0.00670000,,,,3.6222,0.0000,2025-11-03 14:15:17.494216,,0.00352144,,,,2.00,2.00,2.00,,
185,WLDUSDT,15m,SHORT,pinbar_sell,0.78460000,0.79442693,0.76494615,0.76494615,0.76494615,TP2_HIT,TP2_HIT,2.0000,2.5050,downtrend,f,10,choppy,-0.0418,6.00,with,0.00590000,,,,5.9734,0.0000,2025-11-03 14:15:17.480905,,0.00642309,,,,2.00,2.00,2.00,,
184,LISTAUSDT,15m,SHORT,pinbar_sell,0.24810000,0.25196602,0.24036796,0.24036796,0.24036796,TP2_HIT,TP2_HIT,2.0000,3.1165,downtrend,t,9,bullish,-0.2188,8.00,with,,,,,1.7072,0.0000,2025-11-03 14:15:17.47761,,0.00255340,,,,2.00,2.00,2.00,,
183,1000FLOKIUSDT,15m,SHORT,pinbar_sell,0.06384000,0.06473132,0.06205735,0.06205735,0.06205735,TP2_HIT,TP2_HIT,2.0000,2.7924,downtrend,t,8,bearish,-0.3641,6.00,with,0.00024000,,,,3.4555,0.0000,2025-11-03 14:15:12.942725,,0.00053775,,,,2.00,2.00,2.00,,
182,KASUSDT,15m,SHORT,pinbar_sell,0.04908000,0.04961438,0.04801124,0.04801124,0.04801124,TP2_HIT,TP2_HIT,2.0000,2.1776,sideways,t,9,bearish,-0.0094,5.00,neutral,,,,,4.5848,0.0000,2025-11-03 14:15:12.320693,,0.00038126,,,,2.00,2.00,2.00,,
181,PROVEUSDT,15m,SHORT,pinbar_sell,0.61120000,0.62042685,0.59274631,0.59274631,0.59274631,TP2_HIT,TP2_HIT,2.0000,3.0193,downtrend,f,9,bearish,-0.6379,5.00,with,,,,,2.5361,0.0000,2025-11-03 14:15:11.804089,,0.00642282,,,,2.00,2.00,2.00,,
180,STXUSDT,15m,SHORT,pinbar_sell,0.39070000,0.39539872,0.38130256,0.38130256,0.38130256,TP2_HIT,TP2_HIT,2.0000,2.4053,downtrend,f,11,bearish,-0.1570,7.00,with,0.00280000,,,,3.5967,0.0000,2025-11-03 14:15:11.714645,,0.00332906,,,,2.00,2.00,2.00,,
179,ENSUSDT,15m,SHORT,pinbar_sell,14.10100000,14.28157198,13.73985604,13.73985604,13.73985604,TP2_HIT,TP2_HIT,2.0000,2.5611,downtrend,f,9,bearish,-0.1480,5.00,with,,,,,3.3339,0.0000,2025-11-03 14:15:11.154487,,0.10857327,,,,2.00,2.00,2.00,,
178,ETHFIUSDT,15m,SHORT,pinbar_sell,0.92490000,0.94470432,0.88529137,0.88529137,0.88529137,TP2_HIT,TP2_HIT,2.0000,4.2825,downtrend,f,11,bearish,-0.4011,4.00,with,0.00880000,,,,2.9842,0.0000,2025-11-03 14:15:11.003962,,0.01168105,,,,2.00,2.00,2.00,,
175,SUSDT,15m,SHORT,pinbar_sell,0.12910000,0.13079851,0.12570299,0.12570299,0.12570299,TP2_HIT,TP2_HIT,2.0000,2.6313,downtrend,f,7,bearish,-0.1944,6.00,with,,,,,4.7100,0.0000,2025-11-03 13:45:12.319669,,0.00132836,,,,2.00,2.00,2.00,,
173,BLESSUSDT,15m,LONG,pinbar_buy,0.04042000,0.03938368,0.04249264,0.04249264,0.04249264,TP2_HIT,TP2_HIT,2.0000,5.1278,uptrend,f,10,choppy,0.6633,6.00,with,0.00919000,,,,0.0000,-2.9238,2025-11-03 12:15:11.58704,,0.00102107,,,,2.00,2.00,2.00,,
171,MORPHOUSDT,15m,SHORT,pinbar_sell,1.90540000,1.92413173,1.86793654,1.86793654,1.86793654,TP2_HIT,TP2_HIT,2.0000,1.9662,downtrend,f,8,choppy,-0.5693,6.00,with,,,,,5.5414,0.0000,2025-11-03 12:00:18.529946,,0.01777243,,,,2.00,2.00,2.00,,
170,AVNTUSDT,15m,SHORT,pinbar_sell,0.58900000,0.59548125,0.57603750,0.57603750,0.57603750,TP2_HIT,TP2_HIT,2.0000,2.2008,downtrend,f,11,choppy,-0.4411,4.00,with,,,,,7.5603,0.0000,2025-11-03 12:00:17.650918,,0.00560416,,,,2.00,2.00,2.00,,
167,WUSDT,15m,SHORT,fakey_sell,0.05961000,0.06039514,0.05803971,0.05803971,0.05803971,TP2_HIT,TP2_HIT,2.0000,2.6343,downtrend,f,7,choppy,-0.9213,4.00,with,,,,,5.0692,0.0000,2025-11-03 12:00:13.228347,,0.00058381,,,,2.00,2.00,2.00,,
166,TUSDT,15m,SHORT,pinbar_sell,0.01223000,0.01231916,0.01205168,0.01205168,0.01205168,TP2_HIT,TP2_HIT,2.0000,1.4581,downtrend,t,7,choppy,-0.4524,5.00,with,0.00011000,,,,4.4863,0.0000,2025-11-03 11:45:17.918693,,0.00013054,,,,2.00,2.00,2.00,,
165,BEAMXUSDT,15m,SHORT,pinbar_sell,0.00448900,0.00454042,0.00438616,0.00438616,0.00438616,TP2_HIT,TP2_HIT,2.0000,2.2909,downtrend,f,8,bearish,-0.1216,4.00,with,0.00012900,,,,6.5150,0.0000,2025-11-03 11:30:21.66062,,0.00005139,,,,2.00,2.00,2.00,,
162,PUMPUSDT,15m,SHORT,pinbar_sell,0.00413100,0.00418241,0.00402818,0.00402818,0.00402818,TP2_HIT,TP2_HIT,2.0000,2.4890,downtrend,f,5,choppy,-0.1472,4.00,with,,,,,6.3217,0.0000,2025-11-03 11:30:18.506172,,0.00005471,,,,2.00,2.00,2.00,,
156,SUIUSDT,15m,SHORT,pinbar_sell,2.18140000,2.19949995,2.14520011,2.14520011,2.14520011,TP2_HIT,TP2_HIT,2.0000,1.6595,downtrend,t,7,bearish,-0.3848,5.00,with,0.02740000,,,,7.9890,0.0000,2025-11-03 11:30:12.019641,,0.01799982,,,,2.00,2.00,2.00,,
148,MELANIAUSDT,15m,SHORT,fakey_sell,0.10870000,0.11105873,0.10398254,0.10398254,0.10398254,TP2_HIT,TP2_HIT,2.0000,4.3399,downtrend,f,11,choppy,-0.5758,6.00,with,0.00350000,,,,4.6635,0.0000,2025-11-03 10:00:12.188621,,0.00119577,,,,2.00,2.00,2.00,,
147,LPTUSDT,15m,SHORT,fakey_sell,5.06600000,5.17929568,4.83940864,4.83940864,4.83940864,TP2_HIT,TP2_HIT,2.0000,4.4728,downtrend,t,9,bullish,-0.3566,7.00,with,0.29800000,,,,2.7362,0.0000,2025-11-03 08:30:14.785544,,0.06098560,,,,2.00,2.00,2.00,,
136,AXLUSDT,15m,SHORT,pinbar_sell,0.16630000,0.16818848,0.16252304,0.16252304,0.16252304,TP2_HIT,TP2_HIT,2.0000,2.2712,downtrend,f,6,choppy,-0.8731,7.00,with,0.00030000,,,,4.1833,0.0000,2025-11-03 07:45:14.191041,,0.00162826,,,,2.00,2.00,2.00,,
131,SAPIENUSDT,15m,SHORT,pinbar_sell,0.14742000,0.14984651,0.14256699,0.14256699,0.14256699,TP2_HIT,TP2_HIT,2.0000,3.2920,downtrend,f,6,choppy,-2.2516,4.00,with,,,,,3.6513,0.0000,2025-11-03 05:15:16.834195,,0.00195502,,,,2.00,2.00,2.00,,
130,4USDT,15m,SHORT,pinbar_sell,0.08268000,0.09094585,0.06780148,0.06780148,0.06780148,TP2_HIT,TP2_HIT,1.8000,17.9953,downtrend,f,10,bearish,-2.4913,5.00,with,0.00062000,,,,3.5870,0.0000,2025-11-03 04:15:15.650323,,0.00228615,,,,1.80,1.80,1.80,,
128,MYXUSDT,15m,SHORT,fakey_sell,2.06700000,2.11723790,1.96652420,1.96652420,1.96652420,TP2_HIT,TP2_HIT,2.0000,4.8609,downtrend,f,10,bearish,-1.4365,4.00,with,0.05800000,,,,4.2796,0.0000,2025-11-03 03:15:16.659794,,0.03079299,,,,2.00,2.00,2.00,,
121,ASRUSDT,15m,SHORT,pinbar_sell,1.52800000,1.54396111,1.49607777,1.49607777,1.49607777,TP2_HIT,TP2_HIT,2.0000,2.0892,downtrend,f,7,choppy,-0.3209,5.00,with,0.14600000,,,,7.4556,0.0000,2025-11-02 22:15:13.583927,,0.01320371,,,,2.00,2.00,2.00,,
112,TUSDT,15m,LONG,pinbar_buy,0.01335000,0.01313416,0.01378168,0.01378168,0.01378168,TP2_HIT,TP2_HIT,2.0000,3.2336,uptrend,f,6,bullish,0.0486,5.00,with,,,,,0.0000,-7.0423,2025-11-02 21:15:14.575151,,0.00028613,,,,2.00,2.00,2.00,,
106,ASTERUSDT,15m,LONG,pinbar_buy,1.17030000,1.12773248,1.24692154,1.24692154,1.24692154,TP2_HIT,TP2_HIT,1.8000,6.5472,uptrend,t,6,bullish,6.3984,5.00,with,,,,,0.0000,-6.0516,2025-11-02 16:45:12.532912,,0.04389174,,,,1.80,1.80,1.80,,
105,HANAUSDT,15m,SHORT,pinbar_sell,0.02994000,0.03101837,0.02799894,0.02799894,0.02799894,TP2_HIT,TP2_HIT,1.8000,6.4832,downtrend,t,10,bearish,-3.5334,4.00,with,,,,,7.0384,0.0000,2025-11-02 16:15:14.09762,,0.00056123,,,,1.80,1.80,1.80,,
104,AIOTUSDT,15m,SHORT,pinbar_sell,0.63050000,0.64910779,0.59328441,0.59328441,0.59328441,TP2_HIT,TP2_HIT,2.0000,5.9026,downtrend,t,12,bullish,-1.1711,6.00,with,0.17900000,,,,4.9603,0.0000,2025-11-02 14:45:11.416529,,0.01102598,,,,2.00,2.00,2.00,,
100,DOODUSDT,15m,SHORT,pinbar_sell,0.00724700,0.00730221,0.00713659,0.00713659,0.00713659,TP2_HIT,TP2_HIT,2.0000,1.5237,downtrend,f,9,bearish,-0.2154,5.00,with,,,,,18.5836,0.0000,2025-11-02 12:30:16.40804,,0.00005735,,,,2.00,2.00,2.00,,
99,ZROUSDT,15m,LONG,fakey_buy,1.66550000,1.64743247,1.70163506,1.70163506,1.70163506,TP2_HIT,TP2_HIT,2.0000,2.1696,uptrend,f,9,choppy,0.2198,7.00,with,,,,,0.0000,-13.2115,2025-11-02 10:15:14.688834,,0.01522510,,,,2.00,2.00,2.00,,
96,SEIUSDT,15m,LONG,pinbar_buy,0.19650000,0.19571370,0.19807260,0.19807260,0.19807260,TP2_HIT,TP2_HIT,2.0000,0.8003,uptrend,f,6,bullish,0.0116,3.00,with,,,,,0.0000,-37.1360,2025-11-02 09:00:13.556781,,0.00095433,,,,2.00,2.00,2.00,,
88,PROVEUSDT,15m,SHORT,pinbar_sell,0.67540000,0.68072163,0.66475674,0.66475674,0.66475674,TP2_HIT,TP2_HIT,2.0000,1.5758,downtrend,t,8,bearish,-0.2654,6.00,with,0.00470000,,,,16.4611,0.0000,2025-11-02 02:45:14.954089,,0.00407210,,,,2.00,2.00,2.00,,
85,CAKEUSDT,15m,LONG,fakey_buy,2.50890000,2.49441853,2.53786294,2.53786294,2.53786294,TP2_HIT,TP2_HIT,2.0000,1.1544,uptrend,t,6,bullish,0.1099,3.00,with,0.10100000,,,,0.0000,-21.5448,2025-11-02 01:15:12.357007,,0.00960490,,,,2.00,2.00,2.00,,
80,RECALLUSDT,15m,SHORT,pinbar_sell,0.30580000,0.31248187,0.29243627,0.29243627,0.29243627,TP2_HIT,TP2_HIT,2.0000,4.3701,downtrend,f,11,choppy,-0.0205,5.00,with,0.00210000,,,,12.7360,0.0000,2025-11-01 20:45:12.776128,,0.00427289,,,,2.00,2.00,2.00,,
76,DOODUSDT,15m,SHORT,pinbar_sell,0.00782900,0.00793298,0.00762105,0.00762105,0.00762105,TP2_HIT,TP2_HIT,2.0000,2.6563,downtrend,t,10,bearish,-0.3554,4.00,with,0.00031000,,,,17.3687,0.0000,2025-11-01 18:45:14.69763,,0.00009658,,,,2.00,2.00,2.00,,
73,DEGOUSDT,15m,SHORT,pinbar_sell,0.85620000,0.86345199,0.84169602,0.84169602,0.84169602,TP2_HIT,TP2_HIT,2.0000,1.6940,downtrend,f,8,choppy,0.0282,5.00,with,0.04060000,,,,20.1186,0.0000,2025-11-01 12:15:18.173933,,0.00817330,,,,2.00,2.00,2.00,,
72,EIGENUSDT,15m,SHORT,pinbar_sell,0.90940000,0.91732470,0.89355061,0.89355061,0.89355061,TP2_HIT,TP2_HIT,2.0000,1.7428,sideways,t,8,bearish,-0.2716,5.00,neutral,,,,,18.5496,0.0000,2025-11-01 12:15:10.845155,,0.00708232,,,,2.00,2.00,2.00,,
71,OPUSDT,15m,LONG,fakey_buy,0.40910000,0.40399677,0.41930645,0.41930645,0.41930645,TP2_HIT,TP2_HIT,2.0000,2.4949,uptrend,f,8,bullish,0.8553,9.00,with,0.02730000,,,,0.0000,-12.9918,2025-11-01 11:45:16.666611,,0.00234409,,,,2.00,2.00,2.00,,
69,VIRTUALUSDT,15m,LONG,pinbar_buy,1.76050000,1.72403905,1.83342189,1.83342189,1.83342189,TP2_HIT,TP2_HIT,2.0000,4.1421,uptrend,f,11,bullish,0.4761,6.00,with,,,,,0.0000,-9.4622,2025-11-01 10:00:17.50381,,0.04786982,,,,2.00,2.00,2.00,,
66,DOTUSDT,15m,LONG,fakey_buy,2.90100000,2.87028421,2.96243158,2.96243158,2.96243158,TP2_HIT,TP2_HIT,2.0000,2.1176,uptrend,f,4,choppy,0.3484,9.00,with,0.00600000,,,,0.0000,-12.5017,2025-11-01 08:00:17.641851,,0.01238597,,,,2.00,2.00,2.00,,
65,DASHUSDT,15m,LONG,pinbar_buy,62.52000000,58.88639273,69.06049309,69.06049309,69.06049309,TP2_HIT,TP2_HIT,1.8000,10.4614,uptrend,f,9,bullish,5.3306,4.00,with,,,,,16.6446,0.0000,2025-11-01 08:00:13.040043,,1.64535757,,,,1.80,1.80,1.80,,
61,ETHFIUSDT,15m,LONG,pinbar_buy,0.98930000,0.98211898,1.00366204,1.00366204,1.00366204,TP2_HIT,TP2_HIT,2.0000,1.4517,uptrend,t,7,bearish,0.1568,3.00,with,0.00830000,,,,0.0000,-16.7107,2025-11-01 06:00:18.419781,,0.00927006,,,,2.00,2.00,2.00,,
54,ZROUSDT,15m,LONG,pinbar_buy,1.55420000,1.53920911,1.58418177,1.58418177,1.58418177,TP2_HIT,TP2_HIT,2.0000,1.9291,uptrend,f,7,bullish,0.3867,3.00,with,0.10140000,,,,0.0000,-9.9127,2025-11-01 02:45:16.520518,,0.00930296,,,,2.00,2.00,2.00,,
51,ZENUSDT,15m,LONG,fakey_buy,15.90000000,14.22942382,18.90703712,18.90703712,18.90703712,TP2_HIT,TP2_HIT,1.8000,18.9122,uptrend,f,5,bullish,11.7806,7.00,with,,,,,3.2001,0.0000,2025-11-01 01:30:13.575494,,0.43192059,,,,1.80,1.80,1.80,,
49,ETHFIUSDT,15m,LONG,pinbar_buy,0.96560000,0.95473245,0.98733511,0.98733511,0.98733511,TP2_HIT,TP2_HIT,2.0000,2.2509,uptrend,t,5,bullish,0.5824,3.00,with,0.03200000,,,,0.0000,-10.2875,2025-11-01 00:45:16.489596,,0.01022518,,,,2.00,2.00,2.00,,
46,PIPPINUSDT,15m,LONG,fakey_buy,0.03769000,0.03479349,0.04290372,0.04290372,0.04290372,TP2_HIT,TP2_HIT,1.8000,13.8332,uptrend,f,7,bullish,5.2242,9.00,with,0.00127000,,,,0.0000,-2.4823,2025-10-31 18:45:16.137815,,0.00142170,,,,1.80,1.80,1.80,,
43,KDAUSDT,15m,SHORT,pinbar_sell,0.04810000,0.04898650,0.04632700,0.04632700,0.04632700,TP2_HIT,TP2_HIT,2.0000,3.6861,downtrend,t,8,bullish,-0.0521,5.00,with,0.00366000,,,,16.6610,0.0000,2025-10-31 15:45:17.484298,,0.00078833,,,,2.00,2.00,2.00,,
40,ARCUSDT,15m,LONG,pinbar_buy,0.01522000,0.01446100,0.01658619,0.01658619,0.01658619,TP2_HIT,TP2_HIT,1.8000,8.9763,uptrend,f,5,bullish,1.1858,4.00,with,0.00026000,,,,17.8788,0.0000,2025-10-31 14:00:12.672961,,0.00036332,,,,1.80,1.80,1.80,,
39,PENGUUSDT,15m,SHORT,fakey_sell,0.01859000,0.01906318,0.01764364,0.01764364,0.01764364,TP2_HIT,TP2_HIT,2.0000,5.0907,downtrend,f,8,choppy,-0.3531,2.00,with,,,,,7.2721,0.0000,2025-10-31 13:30:13.441779,,0.00016060,,,,2.00,2.00,2.00,,
38,RECALLUSDT,15m,SHORT,pinbar_sell,0.30590000,0.31149576,0.29470849,0.29470849,0.29470849,TP2_HIT,TP2_HIT,2.0000,3.6586,downtrend,f,10,bearish,-1.0958,4.00,with,,,,,13.2600,0.0000,2025-10-31 12:30:15.79955,,0.00531919,,,,2.00,2.00,2.00,,
37,CHRUSDT,15m,SHORT,ppr_sell,0.07590000,0.07678378,0.07413243,0.07413243,0.07413243,TP2_HIT,TP2_HIT,2.0000,2.3288,downtrend,t,4,bullish,-0.3643,8.00,with,0.00070000,,,,8.3731,0.0000,2025-10-31 12:15:18.598622,,0.00061262,,,,2.00,2.00,2.00,,
36,ICNTUSDT,15m,LONG,pinbar_buy,0.27210000,0.24999148,0.31631704,0.31631704,0.31631704,TP2_HIT,TP2_HIT,2.0000,16.2503,uptrend,t,9,choppy,2.4302,4.00,with,0.02260000,,,,1.4474,0.0000,2025-10-31 11:15:15.417624,,0.01402840,,,,2.00,2.00,2.00,,
28,ZORAUSDT,15m,SHORT,fakey_sell,0.07342000,0.07481922,0.07062155,0.07062155,0.07062155,TP2_HIT,TP2_HIT,3.0000,5.7173,downtrend,f,9,choppy,-1.6255,3.00,with,,,,,9.9413,0.0000,2025-10-31 08:15:19.211439,,0.00069742,,,,2.00,2.00,2.00,,
24,ONUSDT,15m,SHORT,pinbar_sell,0.13756000,0.14067682,0.13132636,0.13132636,0.13132636,TP2_HIT,TP2_HIT,3.0000,6.7974,downtrend,t,10,bullish,-0.3816,3.00,with,,,,,9.3364,0.0000,2025-10-31 06:00:19.197265,,0.00222274,,,,2.00,2.00,2.00,,
23,SYRUPUSDT,15m,LONG,pinbar_buy,0.42145000,0.41797629,0.42839743,0.42839743,0.42839743,TP3_HIT,TP2_HIT,3.4000,2.8024,uptrend,t,10,choppy,0.4874,4.00,with,0.01034000,,,,0.0000,-3.5841,2025-10-31 03:45:16.473604,,0.00494572,,,,2.00,2.00,2.00,,
